path	parent	name	synapseStore	contentType	used	executed	activityName	activityDescription	specimenID	tissue	individualID	study	readLength	grant	platform	isMultiSpecimen	dataType	consortium	dataSubtype	isModelSystem	assay	fileFormat	resourceType	organ	runType	nucleicAcidSource	sex	cellType	species
/scratch/users/astarr97/Kosoy_Roussos_2022/FM_002__ATACseq__TCCTGAGC-CTCTCTAT_ACAK6FANXX_L008_001.R1.fastq.gz	syn26161049	FM_002__ATACseq__TCCTGAGC-CTCTCTAT_ACAK6FANXX_L008_001.R1.fastq.gz	True	application/octet-stream					FM_002__ATACseq	prefrontal cortex	FM_002	FreshMicro	50	R01AG065582	HiSeq2500	False	epigenetics	AMP-AD	raw	False	ATACSeq	fastq	experimentalData	brain	pairedEnd	sorted cells	female	microglia	Human
/scratch/users/astarr97/Kosoy_Roussos_2022/FM_004__ATACseq__TAAGGCGA-TATCCTCT_ACB60DANXX_L007_001.R2.fastq.gz	syn26161049	FM_004__ATACseq__TAAGGCGA-TATCCTCT_ACB60DANXX_L007_001.R2.fastq.gz	True	application/octet-stream					FM_004__ATACseq	prefrontal cortex	FM_004	FreshMicro	50	R01AG065582	HiSeq2500	False	epigenetics	AMP-AD	raw	False	ATACSeq	fastq	experimentalData	brain	pairedEnd	sorted cells	female	microglia	Human
/scratch/users/astarr97/Kosoy_Roussos_2022/FM_002__ATACseq__TCCTGAGC-CTCTCTAT_ACAK6FANXX_L008_001.R2.fastq.gz	syn26161049	FM_002__ATACseq__TCCTGAGC-CTCTCTAT_ACAK6FANXX_L008_001.R2.fastq.gz	True	application/octet-stream					FM_002__ATACseq	prefrontal cortex	FM_002	FreshMicro	50	R01AG065582	HiSeq2500	False	epigenetics	AMP-AD	raw	False	ATACSeq	fastq	experimentalData	brain	pairedEnd	sorted cells	female	microglia	Human
/scratch/users/astarr97/Kosoy_Roussos_2022/FM_009__ATACseq__TAGGCATG-TATCCTCT_ACBDLDANXX_L005_001.R2.fastq.gz	syn26161049	FM_009__ATACseq__TAGGCATG-TATCCTCT_ACBDLDANXX_L005_001.R2.fastq.gz	True	application/octet-stream					FM_009__ATACseq	prefrontal cortex	FM_009	FreshMicro	50	R01AG065582	HiSeq2500	False	epigenetics	AMP-AD	raw	False	ATACSeq	fastq	experimentalData	brain	pairedEnd	sorted cells	female	microglia	Human
/scratch/users/astarr97/Kosoy_Roussos_2022/FM_007__ATACseq__TCCTGAGC-CTCTCTAT_ACB60DANXX_L008_001.R2.fastq.gz	syn26161049	FM_007__ATACseq__TCCTGAGC-CTCTCTAT_ACB60DANXX_L008_001.R2.fastq.gz	True	application/octet-stream					FM_007__ATACseq	prefrontal cortex	FM_007	FreshMicro	50	R01AG065582	HiSeq2500	False	epigenetics	AMP-AD	raw	False	ATACSeq	fastq	experimentalData	brain	pairedEnd	sorted cells	female	microglia	Human
/scratch/users/astarr97/Kosoy_Roussos_2022/FM_006__ATACseq__CGTACTAG-CTCTCTAT_ACB60DANXX_L008_001.R2.fastq.gz	syn26161049	FM_006__ATACseq__CGTACTAG-CTCTCTAT_ACB60DANXX_L008_001.R2.fastq.gz	True	application/octet-stream					FM_006__ATACseq	prefrontal cortex	FM_006	FreshMicro	50	R01AG065582	HiSeq2500	False	epigenetics	AMP-AD	raw	False	ATACSeq	fastq	experimentalData	brain	pairedEnd	sorted cells	male	microglia	Human
/scratch/users/astarr97/Kosoy_Roussos_2022/FM_005__ATACseq__TAGGCATG-AGAGTAGA_ACB60DANXX_L007_001.R1.fastq.gz	syn26161049	FM_005__ATACseq__TAGGCATG-AGAGTAGA_ACB60DANXX_L007_001.R1.fastq.gz	True	application/octet-stream					FM_005__ATACseq	prefrontal cortex	FM_005	FreshMicro	50	R01AG065582	HiSeq2500	False	epigenetics	AMP-AD	raw	False	ATACSeq	fastq	experimentalData	brain	pairedEnd	sorted cells	male	microglia	Human
/scratch/users/astarr97/Kosoy_Roussos_2022/FM_004__ATACseq__TAAGGCGA-TATCCTCT_ACB60DANXX_L007_001.R1.fastq.gz	syn26161049	FM_004__ATACseq__TAAGGCGA-TATCCTCT_ACB60DANXX_L007_001.R1.fastq.gz	True	application/octet-stream					FM_004__ATACseq	prefrontal cortex	FM_004	FreshMicro	50	R01AG065582	HiSeq2500	False	epigenetics	AMP-AD	raw	False	ATACSeq	fastq	experimentalData	brain	pairedEnd	sorted cells	female	microglia	Human
/scratch/users/astarr97/Kosoy_Roussos_2022/FM_006__ATACseq__CGTACTAG-CTCTCTAT_ACB60DANXX_L008_001.R1.fastq.gz	syn26161049	FM_006__ATACseq__CGTACTAG-CTCTCTAT_ACB60DANXX_L008_001.R1.fastq.gz	True	application/octet-stream					FM_006__ATACseq	prefrontal cortex	FM_006	FreshMicro	50	R01AG065582	HiSeq2500	False	epigenetics	AMP-AD	raw	False	ATACSeq	fastq	experimentalData	brain	pairedEnd	sorted cells	male	microglia	Human
/scratch/users/astarr97/Kosoy_Roussos_2022/FM_007__ATACseq__TCCTGAGC-CTCTCTAT_ACB60DANXX_L008_001.R1.fastq.gz	syn26161049	FM_007__ATACseq__TCCTGAGC-CTCTCTAT_ACB60DANXX_L008_001.R1.fastq.gz	True	application/octet-stream					FM_007__ATACseq	prefrontal cortex	FM_007	FreshMicro	50	R01AG065582	HiSeq2500	False	epigenetics	AMP-AD	raw	False	ATACSeq	fastq	experimentalData	brain	pairedEnd	sorted cells	female	microglia	Human
/scratch/users/astarr97/Kosoy_Roussos_2022/FM_008__ATACseq__GGACTCCT-CTCTCTAT_ACBDLDANXX_L005_001.R1.fastq.gz	syn26161049	FM_008__ATACseq__GGACTCCT-CTCTCTAT_ACBDLDANXX_L005_001.R1.fastq.gz	True	application/octet-stream					FM_008__ATACseq	prefrontal cortex	FM_008	FreshMicro	50	R01AG065582	HiSeq2500	False	epigenetics	AMP-AD	raw	False	ATACSeq	fastq	experimentalData	brain	pairedEnd	sorted cells	female	microglia	Human
/scratch/users/astarr97/Kosoy_Roussos_2022/FM_005__ATACseq__TAGGCATG-AGAGTAGA_ACB60DANXX_L007_001.R2.fastq.gz	syn26161049	FM_005__ATACseq__TAGGCATG-AGAGTAGA_ACB60DANXX_L007_001.R2.fastq.gz	True	application/octet-stream					FM_005__ATACseq	prefrontal cortex	FM_005	FreshMicro	50	R01AG065582	HiSeq2500	False	epigenetics	AMP-AD	raw	False	ATACSeq	fastq	experimentalData	brain	pairedEnd	sorted cells	male	microglia	Human
/scratch/users/astarr97/Kosoy_Roussos_2022/FM_010__ATACseq__TAAGGCGA-AGAGTAGA_HCW37DMXX_L001_001.R1.fastq.gz	syn26161049	FM_010__ATACseq__TAAGGCGA-AGAGTAGA_HCW37DMXX_L001_001.R1.fastq.gz	True	application/octet-stream					FM_010__ATACseq	prefrontal cortex	FM_010	FreshMicro	50	R01AG065582	IlluminaNovaseq6000	False	epigenetics	AMP-AD	raw	False	ATACSeq	fastq	experimentalData	brain	pairedEnd	sorted cells	male	microglia	Human
/scratch/users/astarr97/Kosoy_Roussos_2022/FM_010__ATACseq__TAAGGCGA-AGAGTAGA_HCW37DMXX_L001_001.R2.fastq.gz	syn26161049	FM_010__ATACseq__TAAGGCGA-AGAGTAGA_HCW37DMXX_L001_001.R2.fastq.gz	True	application/octet-stream					FM_010__ATACseq	prefrontal cortex	FM_010	FreshMicro	50	R01AG065582	IlluminaNovaseq6000	False	epigenetics	AMP-AD	raw	False	ATACSeq	fastq	experimentalData	brain	pairedEnd	sorted cells	male	microglia	Human
/scratch/users/astarr97/Kosoy_Roussos_2022/FM_011__ATACseq__TAAGGCGA-CTCTCTAT_HCW37DMXX_L002_001.R1.fastq.gz	syn26161049	FM_011__ATACseq__TAAGGCGA-CTCTCTAT_HCW37DMXX_L002_001.R1.fastq.gz	True	application/octet-stream					FM_011__ATACseq	prefrontal cortex	FM_011	FreshMicro	50	R01AG065582	IlluminaNovaseq6000	False	epigenetics	AMP-AD	raw	False	ATACSeq	fastq	experimentalData	brain	pairedEnd	sorted cells	male	microglia	Human
/scratch/users/astarr97/Kosoy_Roussos_2022/FM_011__ATACseq__TAAGGCGA-CTCTCTAT_HCW37DMXX_L002_001.R2.fastq.gz	syn26161049	FM_011__ATACseq__TAAGGCGA-CTCTCTAT_HCW37DMXX_L002_001.R2.fastq.gz	True	application/octet-stream					FM_011__ATACseq	prefrontal cortex	FM_011	FreshMicro	50	R01AG065582	IlluminaNovaseq6000	False	epigenetics	AMP-AD	raw	False	ATACSeq	fastq	experimentalData	brain	pairedEnd	sorted cells	male	microglia	Human
/scratch/users/astarr97/Kosoy_Roussos_2022/FM_012__ATACseq__CGTACTAG-TATCCTCT_HCW37DMXX_L002_001.R1.fastq.gz	syn26161049	FM_012__ATACseq__CGTACTAG-TATCCTCT_HCW37DMXX_L002_001.R1.fastq.gz	True	application/octet-stream					FM_012__ATACseq	prefrontal cortex	FM_012	FreshMicro	50	R01AG065582	IlluminaNovaseq6000	False	epigenetics	AMP-AD	raw	False	ATACSeq	fastq	experimentalData	brain	pairedEnd	sorted cells	female	microglia	Human
/scratch/users/astarr97/Kosoy_Roussos_2022/FM_012__ATACseq__CGTACTAG-TATCCTCT_HCW37DMXX_L002_001.R2.fastq.gz	syn26161049	FM_012__ATACseq__CGTACTAG-TATCCTCT_HCW37DMXX_L002_001.R2.fastq.gz	True	application/octet-stream					FM_012__ATACseq	prefrontal cortex	FM_012	FreshMicro	50	R01AG065582	IlluminaNovaseq6000	False	epigenetics	AMP-AD	raw	False	ATACSeq	fastq	experimentalData	brain	pairedEnd	sorted cells	female	microglia	Human
/scratch/users/astarr97/Kosoy_Roussos_2022/FM_014__ATACseq__TAAGGCGA-AGAGTAGA_HFKM5DMXX_L002_001.R1.fastq.gz	syn26161049	FM_014__ATACseq__TAAGGCGA-AGAGTAGA_HFKM5DMXX_L002_001.R1.fastq.gz	True	application/octet-stream					FM_014__ATACseq	prefrontal cortex	FM_014	FreshMicro	50	R01AG065582	IlluminaNovaseq6000	False	epigenetics	AMP-AD	raw	False	ATACSeq	fastq	experimentalData	brain	pairedEnd	sorted cells	male	microglia	Human
/scratch/users/astarr97/Kosoy_Roussos_2022/FM_014__ATACseq__TAAGGCGA-AGAGTAGA_HFKM5DMXX_L002_001.R2.fastq.gz	syn26161049	FM_014__ATACseq__TAAGGCGA-AGAGTAGA_HFKM5DMXX_L002_001.R2.fastq.gz	True	application/octet-stream					FM_014__ATACseq	prefrontal cortex	FM_014	FreshMicro	50	R01AG065582	IlluminaNovaseq6000	False	epigenetics	AMP-AD	raw	False	ATACSeq	fastq	experimentalData	brain	pairedEnd	sorted cells	male	microglia	Human
/scratch/users/astarr97/Kosoy_Roussos_2022/FM_016__ATACseq__TAAGGCGA-CTAAGCCT_HFKM5DMXX_L002_001.R2.fastq.gz	syn26161049	FM_016__ATACseq__TAAGGCGA-CTAAGCCT_HFKM5DMXX_L002_001.R2.fastq.gz	True	application/octet-stream					FM_016__ATACseq	prefrontal cortex	FM_016	FreshMicro	50	R01AG065582	IlluminaNovaseq6000	False	epigenetics	AMP-AD	raw	False	ATACSeq	fastq	experimentalData	brain	pairedEnd	sorted cells	male	microglia	Human
/scratch/users/astarr97/Kosoy_Roussos_2022/FM_016__ATACseq__TAAGGCGA-CTAAGCCT_HFKM5DMXX_L002_001.R1.fastq.gz	syn26161049	FM_016__ATACseq__TAAGGCGA-CTAAGCCT_HFKM5DMXX_L002_001.R1.fastq.gz	True	application/octet-stream					FM_016__ATACseq	prefrontal cortex	FM_016	FreshMicro	50	R01AG065582	IlluminaNovaseq6000	False	epigenetics	AMP-AD	raw	False	ATACSeq	fastq	experimentalData	brain	pairedEnd	sorted cells	male	microglia	Human
/scratch/users/astarr97/Kosoy_Roussos_2022/FM_018__ATACseq__CGTACTAG-AAGGAGTA_HFKM5DMXX_L002_001.R1.fastq.gz	syn26161049	FM_018__ATACseq__CGTACTAG-AAGGAGTA_HFKM5DMXX_L002_001.R1.fastq.gz	True	application/octet-stream					FM_018__ATACseq	prefrontal cortex	FM_018	FreshMicro	50	R01AG065582	IlluminaNovaseq6000	False	epigenetics	AMP-AD	raw	False	ATACSeq	fastq	experimentalData	brain	pairedEnd	sorted cells	female	microglia	Human
/scratch/users/astarr97/Kosoy_Roussos_2022/FM_017__ATACseq__CGTACTAG-CTCTCTAT_HFKM5DMXX_L001_001.R1.fastq.gz	syn26161049	FM_017__ATACseq__CGTACTAG-CTCTCTAT_HFKM5DMXX_L001_001.R1.fastq.gz	True	application/octet-stream					FM_017__ATACseq	prefrontal cortex	FM_017	FreshMicro	50	R01AG065582	IlluminaNovaseq6000	False	epigenetics	AMP-AD	raw	False	ATACSeq	fastq	experimentalData	brain	pairedEnd	sorted cells	female	microglia	Human
/scratch/users/astarr97/Kosoy_Roussos_2022/FM_018__ATACseq__CGTACTAG-AAGGAGTA_HFKM5DMXX_L002_001.R2.fastq.gz	syn26161049	FM_018__ATACseq__CGTACTAG-AAGGAGTA_HFKM5DMXX_L002_001.R2.fastq.gz	True	application/octet-stream					FM_018__ATACseq	prefrontal cortex	FM_018	FreshMicro	50	R01AG065582	IlluminaNovaseq6000	False	epigenetics	AMP-AD	raw	False	ATACSeq	fastq	experimentalData	brain	pairedEnd	sorted cells	female	microglia	Human
/scratch/users/astarr97/Kosoy_Roussos_2022/FM_017__ATACseq__CGTACTAG-CTCTCTAT_HFKM5DMXX_L001_001.R2.fastq.gz	syn26161049	FM_017__ATACseq__CGTACTAG-CTCTCTAT_HFKM5DMXX_L001_001.R2.fastq.gz	True	application/octet-stream					FM_017__ATACseq	prefrontal cortex	FM_017	FreshMicro	50	R01AG065582	IlluminaNovaseq6000	False	epigenetics	AMP-AD	raw	False	ATACSeq	fastq	experimentalData	brain	pairedEnd	sorted cells	female	microglia	Human
/scratch/users/astarr97/Kosoy_Roussos_2022/FM_021__ATACseq__AGGCAGAA-ACTGCATA_HFKM5DMXX_L002_001.R2.fastq.gz	syn26161049	FM_021__ATACseq__AGGCAGAA-ACTGCATA_HFKM5DMXX_L002_001.R2.fastq.gz	True	application/octet-stream					FM_021__ATACseq	prefrontal cortex	FM_021	FreshMicro	50	R01AG065582	IlluminaNovaseq6000	False	epigenetics	AMP-AD	raw	False	ATACSeq	fastq	experimentalData	brain	pairedEnd	sorted cells	male	microglia	Human
/scratch/users/astarr97/Kosoy_Roussos_2022/FM_020__ATACseq__TCCTGAGC-AAGGAGTA_HFKM5DMXX_L001_001.R1.fastq.gz	syn26161049	FM_020__ATACseq__TCCTGAGC-AAGGAGTA_HFKM5DMXX_L001_001.R1.fastq.gz	True	application/octet-stream					FM_020__ATACseq	prefrontal cortex	FM_020	FreshMicro	50	R01AG065582	IlluminaNovaseq6000	False	epigenetics	AMP-AD	raw	False	ATACSeq	fastq	experimentalData	brain	pairedEnd	sorted cells	female	microglia	Human
/scratch/users/astarr97/Kosoy_Roussos_2022/FM_021__ATACseq__AGGCAGAA-ACTGCATA_HFKM5DMXX_L002_001.R1.fastq.gz	syn26161049	FM_021__ATACseq__AGGCAGAA-ACTGCATA_HFKM5DMXX_L002_001.R1.fastq.gz	True	application/octet-stream					FM_021__ATACseq	prefrontal cortex	FM_021	FreshMicro	50	R01AG065582	IlluminaNovaseq6000	False	epigenetics	AMP-AD	raw	False	ATACSeq	fastq	experimentalData	brain	pairedEnd	sorted cells	male	microglia	Human
/scratch/users/astarr97/Kosoy_Roussos_2022/FM_022__ATACseq__AGGCAGAA-AGAGTAGA_HFKM5DMXX_L002_001.R2.fastq.gz	syn26161049	FM_022__ATACseq__AGGCAGAA-AGAGTAGA_HFKM5DMXX_L002_001.R2.fastq.gz	True	application/octet-stream					FM_022__ATACseq	prefrontal cortex	FM_022	FreshMicro	50	R01AG065582	IlluminaNovaseq6000	False	epigenetics	AMP-AD	raw	False	ATACSeq	fastq	experimentalData	brain	pairedEnd	sorted cells	female	microglia	Human
/scratch/users/astarr97/Kosoy_Roussos_2022/FM_022__ATACseq__AGGCAGAA-AGAGTAGA_HFKM5DMXX_L002_001.R1.fastq.gz	syn26161049	FM_022__ATACseq__AGGCAGAA-AGAGTAGA_HFKM5DMXX_L002_001.R1.fastq.gz	True	application/octet-stream					FM_022__ATACseq	prefrontal cortex	FM_022	FreshMicro	50	R01AG065582	IlluminaNovaseq6000	False	epigenetics	AMP-AD	raw	False	ATACSeq	fastq	experimentalData	brain	pairedEnd	sorted cells	female	microglia	Human
/scratch/users/astarr97/Kosoy_Roussos_2022/FM_023__ATACseq__AGGCAGAA-CTAAGCCT_HFKM5DMXX_L001_001.R1.fastq.gz	syn26161049	FM_023__ATACseq__AGGCAGAA-CTAAGCCT_HFKM5DMXX_L001_001.R1.fastq.gz	True	application/octet-stream					FM_023__ATACseq	prefrontal cortex	FM_023	FreshMicro	50	R01AG065582	IlluminaNovaseq6000	False	epigenetics	AMP-AD	raw	False	ATACSeq	fastq	experimentalData	brain	pairedEnd	sorted cells	male	microglia	Human
/scratch/users/astarr97/Kosoy_Roussos_2022/FM_020__ATACseq__TCCTGAGC-AAGGAGTA_HFKM5DMXX_L001_001.R2.fastq.gz	syn26161049	FM_020__ATACseq__TCCTGAGC-AAGGAGTA_HFKM5DMXX_L001_001.R2.fastq.gz	True	application/octet-stream					FM_020__ATACseq	prefrontal cortex	FM_020	FreshMicro	50	R01AG065582	IlluminaNovaseq6000	False	epigenetics	AMP-AD	raw	False	ATACSeq	fastq	experimentalData	brain	pairedEnd	sorted cells	female	microglia	Human
/scratch/users/astarr97/Kosoy_Roussos_2022/FM_025__ATACseq__TCCTGAGC-CTAAGCCT_HCW37DMXX_L002_001.R2.fastq.gz	syn26161049	FM_025__ATACseq__TCCTGAGC-CTAAGCCT_HCW37DMXX_L002_001.R2.fastq.gz	True	application/octet-stream					FM_025__ATACseq	prefrontal cortex	FM_025	FreshMicro	50	R01AG065582	IlluminaNovaseq6000	False	epigenetics	AMP-AD	raw	False	ATACSeq	fastq	experimentalData	brain	pairedEnd	sorted cells	male	microglia	Human
/scratch/users/astarr97/Kosoy_Roussos_2022/FM_023__ATACseq__AGGCAGAA-CTAAGCCT_HFKM5DMXX_L001_001.R2.fastq.gz	syn26161049	FM_023__ATACseq__AGGCAGAA-CTAAGCCT_HFKM5DMXX_L001_001.R2.fastq.gz	True	application/octet-stream					FM_023__ATACseq	prefrontal cortex	FM_023	FreshMicro	50	R01AG065582	IlluminaNovaseq6000	False	epigenetics	AMP-AD	raw	False	ATACSeq	fastq	experimentalData	brain	pairedEnd	sorted cells	male	microglia	Human
/scratch/users/astarr97/Kosoy_Roussos_2022/FM_019__ATACseq__CGTACTAG-GCGTAAGA_HFKM5DMXX_L001_001.R1.fastq.gz	syn26161049	FM_019__ATACseq__CGTACTAG-GCGTAAGA_HFKM5DMXX_L001_001.R1.fastq.gz	True	application/octet-stream					FM_019__ATACseq	prefrontal cortex	FM_019	FreshMicro	50	R01AG065582	IlluminaNovaseq6000	False	epigenetics	AMP-AD	raw	False	ATACSeq	fastq	experimentalData	brain	pairedEnd	sorted cells	male	microglia	Human
/scratch/users/astarr97/Kosoy_Roussos_2022/FM_009__ATACseq__TAGGCATG-TATCCTCT_ACBDLDANXX_L005_001.R1.fastq.gz	syn26161049	FM_009__ATACseq__TAGGCATG-TATCCTCT_ACBDLDANXX_L005_001.R1.fastq.gz	True	application/octet-stream					FM_009__ATACseq	prefrontal cortex	FM_009	FreshMicro	50	R01AG065582	HiSeq2500	False	epigenetics	AMP-AD	raw	False	ATACSeq	fastq	experimentalData	brain	pairedEnd	sorted cells	female	microglia	Human
/scratch/users/astarr97/Kosoy_Roussos_2022/FM_029__ATACseq__AGGCAGAA-AAGGAGTA_HFKM5DMXX_L002_001.R2.fastq.gz	syn26161049	FM_029__ATACseq__AGGCAGAA-AAGGAGTA_HFKM5DMXX_L002_001.R2.fastq.gz	True	application/octet-stream					FM_029__ATACseq	prefrontal cortex	FM_029	FreshMicro	50	R01AG065582	IlluminaNovaseq6000	False	epigenetics	AMP-AD	raw	False	ATACSeq	fastq	experimentalData	brain	pairedEnd	sorted cells	female	microglia	Human
/scratch/users/astarr97/Kosoy_Roussos_2022/FM_027__ATACseq__GGACTCCT-CTCTCTAT_HCW37DMXX_L002_001.R1.fastq.gz	syn26161049	FM_027__ATACseq__GGACTCCT-CTCTCTAT_HCW37DMXX_L002_001.R1.fastq.gz	True	application/octet-stream					FM_027__ATACseq	prefrontal cortex	FM_027	FreshMicro	50	R01AG065582	IlluminaNovaseq6000	False	epigenetics	AMP-AD	raw	False	ATACSeq	fastq	experimentalData	brain	pairedEnd	sorted cells	female	microglia	Human
/scratch/users/astarr97/Kosoy_Roussos_2022/FM_025__ATACseq__TCCTGAGC-CTAAGCCT_HCW37DMXX_L002_001.R1.fastq.gz	syn26161049	FM_025__ATACseq__TCCTGAGC-CTAAGCCT_HCW37DMXX_L002_001.R1.fastq.gz	True	application/octet-stream					FM_025__ATACseq	prefrontal cortex	FM_025	FreshMicro	50	R01AG065582	IlluminaNovaseq6000	False	epigenetics	AMP-AD	raw	False	ATACSeq	fastq	experimentalData	brain	pairedEnd	sorted cells	male	microglia	Human
/scratch/users/astarr97/Kosoy_Roussos_2022/FM_027__ATACseq__GGACTCCT-CTCTCTAT_HCW37DMXX_L002_001.R2.fastq.gz	syn26161049	FM_027__ATACseq__GGACTCCT-CTCTCTAT_HCW37DMXX_L002_001.R2.fastq.gz	True	application/octet-stream					FM_027__ATACseq	prefrontal cortex	FM_027	FreshMicro	50	R01AG065582	IlluminaNovaseq6000	False	epigenetics	AMP-AD	raw	False	ATACSeq	fastq	experimentalData	brain	pairedEnd	sorted cells	female	microglia	Human
/scratch/users/astarr97/Kosoy_Roussos_2022/FM_026__ATACseq__TCCTGAGC-GCGTAAGA_HCW37DMXX_L001_001.R1.fastq.gz	syn26161049	FM_026__ATACseq__TCCTGAGC-GCGTAAGA_HCW37DMXX_L001_001.R1.fastq.gz	True	application/octet-stream					FM_026__ATACseq	prefrontal cortex	FM_026	FreshMicro	50	R01AG065582	IlluminaNovaseq6000	False	epigenetics	AMP-AD	raw	False	ATACSeq	fastq	experimentalData	brain	pairedEnd	sorted cells	male	microglia	Human
/scratch/users/astarr97/Kosoy_Roussos_2022/FM_026__ATACseq__TCCTGAGC-GCGTAAGA_HCW37DMXX_L001_001.R2.fastq.gz	syn26161049	FM_026__ATACseq__TCCTGAGC-GCGTAAGA_HCW37DMXX_L001_001.R2.fastq.gz	True	application/octet-stream					FM_026__ATACseq	prefrontal cortex	FM_026	FreshMicro	50	R01AG065582	IlluminaNovaseq6000	False	epigenetics	AMP-AD	raw	False	ATACSeq	fastq	experimentalData	brain	pairedEnd	sorted cells	male	microglia	Human
/scratch/users/astarr97/Kosoy_Roussos_2022/FM_028__ATACseq__AGGCAGAA-TATCCTCT_HFKM5DMXX_L001_001.R1.fastq.gz	syn26161049	FM_028__ATACseq__AGGCAGAA-TATCCTCT_HFKM5DMXX_L001_001.R1.fastq.gz	True	application/octet-stream					FM_028__ATACseq	prefrontal cortex	FM_028	FreshMicro	50	R01AG065582	IlluminaNovaseq6000	False	epigenetics	AMP-AD	raw	False	ATACSeq	fastq	experimentalData	brain	pairedEnd	sorted cells	female	microglia	Human
/scratch/users/astarr97/Kosoy_Roussos_2022/FM_029__ATACseq__AGGCAGAA-AAGGAGTA_HFKM5DMXX_L002_001.R1.fastq.gz	syn26161049	FM_029__ATACseq__AGGCAGAA-AAGGAGTA_HFKM5DMXX_L002_001.R1.fastq.gz	True	application/octet-stream					FM_029__ATACseq	prefrontal cortex	FM_029	FreshMicro	50	R01AG065582	IlluminaNovaseq6000	False	epigenetics	AMP-AD	raw	False	ATACSeq	fastq	experimentalData	brain	pairedEnd	sorted cells	female	microglia	Human
/scratch/users/astarr97/Kosoy_Roussos_2022/FM_028__ATACseq__AGGCAGAA-TATCCTCT_HFKM5DMXX_L001_001.R2.fastq.gz	syn26161049	FM_028__ATACseq__AGGCAGAA-TATCCTCT_HFKM5DMXX_L001_001.R2.fastq.gz	True	application/octet-stream					FM_028__ATACseq	prefrontal cortex	FM_028	FreshMicro	50	R01AG065582	IlluminaNovaseq6000	False	epigenetics	AMP-AD	raw	False	ATACSeq	fastq	experimentalData	brain	pairedEnd	sorted cells	female	microglia	Human
/scratch/users/astarr97/Kosoy_Roussos_2022/FM_030__ATACseq__AGGCAGAA-GTAAGGAG_HFKM5DMXX_L001_001.R1.fastq.gz	syn26161049	FM_030__ATACseq__AGGCAGAA-GTAAGGAG_HFKM5DMXX_L001_001.R1.fastq.gz	True	application/octet-stream					FM_030__ATACseq	prefrontal cortex	FM_030	FreshMicro	50	R01AG065582	IlluminaNovaseq6000	False	epigenetics	AMP-AD	raw	False	ATACSeq	fastq	experimentalData	brain	pairedEnd	sorted cells	male	microglia	Human
/scratch/users/astarr97/Kosoy_Roussos_2022/FM_019__ATACseq__CGTACTAG-GCGTAAGA_HFKM5DMXX_L001_001.R2.fastq.gz	syn26161049	FM_019__ATACseq__CGTACTAG-GCGTAAGA_HFKM5DMXX_L001_001.R2.fastq.gz	True	application/octet-stream					FM_019__ATACseq	prefrontal cortex	FM_019	FreshMicro	50	R01AG065582	IlluminaNovaseq6000	False	epigenetics	AMP-AD	raw	False	ATACSeq	fastq	experimentalData	brain	pairedEnd	sorted cells	male	microglia	Human
/scratch/users/astarr97/Kosoy_Roussos_2022/FM_008__ATACseq__GGACTCCT-CTCTCTAT_ACBDLDANXX_L005_001.R2.fastq.gz	syn26161049	FM_008__ATACseq__GGACTCCT-CTCTCTAT_ACBDLDANXX_L005_001.R2.fastq.gz	True	application/octet-stream					FM_008__ATACseq	prefrontal cortex	FM_008	FreshMicro	50	R01AG065582	HiSeq2500	False	epigenetics	AMP-AD	raw	False	ATACSeq	fastq	experimentalData	brain	pairedEnd	sorted cells	female	microglia	Human
/scratch/users/astarr97/Kosoy_Roussos_2022/FM_031__ATACseq__TCCTGAGC-CTCTCTAT_HCW37DMXX_L002_001.R1.fastq.gz	syn26161049	FM_031__ATACseq__TCCTGAGC-CTCTCTAT_HCW37DMXX_L002_001.R1.fastq.gz	True	application/octet-stream					FM_031__ATACseq	prefrontal cortex	FM_031	FreshMicro	50	R01AG065582	IlluminaNovaseq6000	False	epigenetics	AMP-AD	raw	False	ATACSeq	fastq	experimentalData	brain	pairedEnd	sorted cells	female	microglia	Human
/scratch/users/astarr97/Kosoy_Roussos_2022/FM_031__ATACseq__TCCTGAGC-CTCTCTAT_HCW37DMXX_L002_001.R2.fastq.gz	syn26161049	FM_031__ATACseq__TCCTGAGC-CTCTCTAT_HCW37DMXX_L002_001.R2.fastq.gz	True	application/octet-stream					FM_031__ATACseq	prefrontal cortex	FM_031	FreshMicro	50	R01AG065582	IlluminaNovaseq6000	False	epigenetics	AMP-AD	raw	False	ATACSeq	fastq	experimentalData	brain	pairedEnd	sorted cells	female	microglia	Human
/scratch/users/astarr97/Kosoy_Roussos_2022/FM_034__ATACseq__AGGCAGAA-CTCTCTAT_HCW37DMXX_L002_001.R1.fastq.gz	syn26161049	FM_034__ATACseq__AGGCAGAA-CTCTCTAT_HCW37DMXX_L002_001.R1.fastq.gz	True	application/octet-stream					FM_034__ATACseq	prefrontal cortex	FM_034	FreshMicro	50	R01AG065582	IlluminaNovaseq6000	False	epigenetics	AMP-AD	raw	False	ATACSeq	fastq	experimentalData	brain	pairedEnd	sorted cells	female	microglia	Human
/scratch/users/astarr97/Kosoy_Roussos_2022/FM_032__ATACseq__TCCTGAGC-GTAAGGAG_HCW37DMXX_L002_001.R2.fastq.gz	syn26161049	FM_032__ATACseq__TCCTGAGC-GTAAGGAG_HCW37DMXX_L002_001.R2.fastq.gz	True	application/octet-stream					FM_032__ATACseq	prefrontal cortex	FM_032	FreshMicro	50	R01AG065582	IlluminaNovaseq6000	False	epigenetics	AMP-AD	raw	False	ATACSeq	fastq	experimentalData	brain	pairedEnd	sorted cells	female	microglia	Human
/scratch/users/astarr97/Kosoy_Roussos_2022/FM_035__ATACseq__AGGCAGAA-GCGTAAGA_HCW37DMXX_L002_001.R1.fastq.gz	syn26161049	FM_035__ATACseq__AGGCAGAA-GCGTAAGA_HCW37DMXX_L002_001.R1.fastq.gz	True	application/octet-stream					FM_035__ATACseq	prefrontal cortex	FM_035	FreshMicro	50	R01AG065582	IlluminaNovaseq6000	False	epigenetics	AMP-AD	raw	False	ATACSeq	fastq	experimentalData	brain	pairedEnd	sorted cells	male	microglia	Human
/scratch/users/astarr97/Kosoy_Roussos_2022/FM_030__ATACseq__AGGCAGAA-GTAAGGAG_HFKM5DMXX_L001_001.R2.fastq.gz	syn26161049	FM_030__ATACseq__AGGCAGAA-GTAAGGAG_HFKM5DMXX_L001_001.R2.fastq.gz	True	application/octet-stream					FM_030__ATACseq	prefrontal cortex	FM_030	FreshMicro	50	R01AG065582	IlluminaNovaseq6000	False	epigenetics	AMP-AD	raw	False	ATACSeq	fastq	experimentalData	brain	pairedEnd	sorted cells	male	microglia	Human
/scratch/users/astarr97/Kosoy_Roussos_2022/FM_033__ATACseq__TCCTGAGC-ACTGCATA_HFKM5DMXX_L001_001.R2.fastq.gz	syn26161049	FM_033__ATACseq__TCCTGAGC-ACTGCATA_HFKM5DMXX_L001_001.R2.fastq.gz	True	application/octet-stream					FM_033__ATACseq	prefrontal cortex	FM_033	FreshMicro	50	R01AG065582	IlluminaNovaseq6000	False	epigenetics	AMP-AD	raw	False	ATACSeq	fastq	experimentalData	brain	pairedEnd	sorted cells	female	microglia	Human
/scratch/users/astarr97/Kosoy_Roussos_2022/FM_033__ATACseq__TCCTGAGC-ACTGCATA_HFKM5DMXX_L001_001.R1.fastq.gz	syn26161049	FM_033__ATACseq__TCCTGAGC-ACTGCATA_HFKM5DMXX_L001_001.R1.fastq.gz	True	application/octet-stream					FM_033__ATACseq	prefrontal cortex	FM_033	FreshMicro	50	R01AG065582	IlluminaNovaseq6000	False	epigenetics	AMP-AD	raw	False	ATACSeq	fastq	experimentalData	brain	pairedEnd	sorted cells	female	microglia	Human
/scratch/users/astarr97/Kosoy_Roussos_2022/FM_034__ATACseq__AGGCAGAA-CTCTCTAT_HCW37DMXX_L002_001.R2.fastq.gz	syn26161049	FM_034__ATACseq__AGGCAGAA-CTCTCTAT_HCW37DMXX_L002_001.R2.fastq.gz	True	application/octet-stream					FM_034__ATACseq	prefrontal cortex	FM_034	FreshMicro	50	R01AG065582	IlluminaNovaseq6000	False	epigenetics	AMP-AD	raw	False	ATACSeq	fastq	experimentalData	brain	pairedEnd	sorted cells	female	microglia	Human
/scratch/users/astarr97/Kosoy_Roussos_2022/FM_032__ATACseq__TCCTGAGC-GTAAGGAG_HCW37DMXX_L002_001.R1.fastq.gz	syn26161049	FM_032__ATACseq__TCCTGAGC-GTAAGGAG_HCW37DMXX_L002_001.R1.fastq.gz	True	application/octet-stream					FM_032__ATACseq	prefrontal cortex	FM_032	FreshMicro	50	R01AG065582	IlluminaNovaseq6000	False	epigenetics	AMP-AD	raw	False	ATACSeq	fastq	experimentalData	brain	pairedEnd	sorted cells	female	microglia	Human
/scratch/users/astarr97/Kosoy_Roussos_2022/FM_036__ATACseq__TCCTGAGC-AGAGTAGA_HCW37DMXX_L001_001.R1.fastq.gz	syn26161049	FM_036__ATACseq__TCCTGAGC-AGAGTAGA_HCW37DMXX_L001_001.R1.fastq.gz	True	application/octet-stream					FM_036__ATACseq	prefrontal cortex	FM_036	FreshMicro	50	R01AG065582	IlluminaNovaseq6000	False	epigenetics	AMP-AD	raw	False	ATACSeq	fastq	experimentalData	brain	pairedEnd	sorted cells	male	microglia	Human
/scratch/users/astarr97/Kosoy_Roussos_2022/FM_035__ATACseq__AGGCAGAA-GCGTAAGA_HCW37DMXX_L002_001.R2.fastq.gz	syn26161049	FM_035__ATACseq__AGGCAGAA-GCGTAAGA_HCW37DMXX_L002_001.R2.fastq.gz	True	application/octet-stream					FM_035__ATACseq	prefrontal cortex	FM_035	FreshMicro	50	R01AG065582	IlluminaNovaseq6000	False	epigenetics	AMP-AD	raw	False	ATACSeq	fastq	experimentalData	brain	pairedEnd	sorted cells	male	microglia	Human
/scratch/users/astarr97/Kosoy_Roussos_2022/FM_036__ATACseq__TCCTGAGC-AGAGTAGA_HCW37DMXX_L001_001.R2.fastq.gz	syn26161049	FM_036__ATACseq__TCCTGAGC-AGAGTAGA_HCW37DMXX_L001_001.R2.fastq.gz	True	application/octet-stream					FM_036__ATACseq	prefrontal cortex	FM_036	FreshMicro	50	R01AG065582	IlluminaNovaseq6000	False	epigenetics	AMP-AD	raw	False	ATACSeq	fastq	experimentalData	brain	pairedEnd	sorted cells	male	microglia	Human
/scratch/users/astarr97/Kosoy_Roussos_2022/FM_038__ATACseq__GGACTCCT-GTAAGGAG_HFKM5DMXX_L002_001.R1.fastq.gz	syn26161049	FM_038__ATACseq__GGACTCCT-GTAAGGAG_HFKM5DMXX_L002_001.R1.fastq.gz	True	application/octet-stream					FM_038__ATACseq	prefrontal cortex	FM_038	FreshMicro	50	R01AG065582	IlluminaNovaseq6000	False	epigenetics	AMP-AD	raw	False	ATACSeq	fastq	experimentalData	brain	pairedEnd	sorted cells	male	microglia	Human
/scratch/users/astarr97/Kosoy_Roussos_2022/FM_038__ATACseq__GGACTCCT-GTAAGGAG_HFKM5DMXX_L002_001.R2.fastq.gz	syn26161049	FM_038__ATACseq__GGACTCCT-GTAAGGAG_HFKM5DMXX_L002_001.R2.fastq.gz	True	application/octet-stream					FM_038__ATACseq	prefrontal cortex	FM_038	FreshMicro	50	R01AG065582	IlluminaNovaseq6000	False	epigenetics	AMP-AD	raw	False	ATACSeq	fastq	experimentalData	brain	pairedEnd	sorted cells	male	microglia	Human
/scratch/users/astarr97/Kosoy_Roussos_2022/FM_039__ATACseq__GGACTCCT-ACTGCATA_HFKM5DMXX_L001_001.R2.fastq.gz	syn26161049	FM_039__ATACseq__GGACTCCT-ACTGCATA_HFKM5DMXX_L001_001.R2.fastq.gz	True	application/octet-stream					FM_039__ATACseq	prefrontal cortex	FM_039	FreshMicro	50	R01AG065582	IlluminaNovaseq6000	False	epigenetics	AMP-AD	raw	False	ATACSeq	fastq	experimentalData	brain	pairedEnd	sorted cells	male	microglia	Human
/scratch/users/astarr97/Kosoy_Roussos_2022/FM_039__ATACseq__GGACTCCT-ACTGCATA_HFKM5DMXX_L001_001.R1.fastq.gz	syn26161049	FM_039__ATACseq__GGACTCCT-ACTGCATA_HFKM5DMXX_L001_001.R1.fastq.gz	True	application/octet-stream					FM_039__ATACseq	prefrontal cortex	FM_039	FreshMicro	50	R01AG065582	IlluminaNovaseq6000	False	epigenetics	AMP-AD	raw	False	ATACSeq	fastq	experimentalData	brain	pairedEnd	sorted cells	male	microglia	Human
/scratch/users/astarr97/Kosoy_Roussos_2022/FM_040__ATACseq__GGACTCCT-AAGGAGTA_HFKM5DMXX_L002_001.R1.fastq.gz	syn26161049	FM_040__ATACseq__GGACTCCT-AAGGAGTA_HFKM5DMXX_L002_001.R1.fastq.gz	True	application/octet-stream					FM_040__ATACseq	prefrontal cortex	FM_040	FreshMicro	50	R01AG065582	IlluminaNovaseq6000	False	epigenetics	AMP-AD	raw	False	ATACSeq	fastq	experimentalData	brain	pairedEnd	sorted cells	male	microglia	Human
/scratch/users/astarr97/Kosoy_Roussos_2022/FM_044__ATACseq__CAGAGAGG-TATCCTCT_HFKM5DMXX_L001_001.R1.fastq.gz	syn26161049	FM_044__ATACseq__CAGAGAGG-TATCCTCT_HFKM5DMXX_L001_001.R1.fastq.gz	True	application/octet-stream					FM_044__ATACseq	prefrontal cortex	FM_044	FreshMicro	50	R01AG065582	IlluminaNovaseq6000	False	epigenetics	AMP-AD	raw	False	ATACSeq	fastq	experimentalData	brain	pairedEnd	sorted cells	female	microglia	Human
/scratch/users/astarr97/Kosoy_Roussos_2022/FM_041__ATACseq__CTCTCTAC-AAGGAGTA_HCW37DMXX_L002_001.R2.fastq.gz	syn26161049	FM_041__ATACseq__CTCTCTAC-AAGGAGTA_HCW37DMXX_L002_001.R2.fastq.gz	True	application/octet-stream					FM_041__ATACseq	prefrontal cortex	FM_041	FreshMicro	50	R01AG065582	IlluminaNovaseq6000	False	epigenetics	AMP-AD	raw	False	ATACSeq	fastq	experimentalData	brain	pairedEnd	sorted cells	male	microglia	Human
/scratch/users/astarr97/Kosoy_Roussos_2022/FM_041__ATACseq__CTCTCTAC-AAGGAGTA_HCW37DMXX_L002_001.R1.fastq.gz	syn26161049	FM_041__ATACseq__CTCTCTAC-AAGGAGTA_HCW37DMXX_L002_001.R1.fastq.gz	True	application/octet-stream					FM_041__ATACseq	prefrontal cortex	FM_041	FreshMicro	50	R01AG065582	IlluminaNovaseq6000	False	epigenetics	AMP-AD	raw	False	ATACSeq	fastq	experimentalData	brain	pairedEnd	sorted cells	male	microglia	Human
/scratch/users/astarr97/Kosoy_Roussos_2022/FM_042__ATACseq__CTCTCTAC-CTAAGCCT_HCW37DMXX_L001_001.R1.fastq.gz	syn26161049	FM_042__ATACseq__CTCTCTAC-CTAAGCCT_HCW37DMXX_L001_001.R1.fastq.gz	True	application/octet-stream					FM_042__ATACseq	prefrontal cortex	FM_042	FreshMicro	50	R01AG065582	IlluminaNovaseq6000	False	epigenetics	AMP-AD	raw	False	ATACSeq	fastq	experimentalData	brain	pairedEnd	sorted cells	male	microglia	Human
/scratch/users/astarr97/Kosoy_Roussos_2022/FM_044__ATACseq__CAGAGAGG-TATCCTCT_HFKM5DMXX_L001_001.R2.fastq.gz	syn26161049	FM_044__ATACseq__CAGAGAGG-TATCCTCT_HFKM5DMXX_L001_001.R2.fastq.gz	True	application/octet-stream					FM_044__ATACseq	prefrontal cortex	FM_044	FreshMicro	50	R01AG065582	IlluminaNovaseq6000	False	epigenetics	AMP-AD	raw	False	ATACSeq	fastq	experimentalData	brain	pairedEnd	sorted cells	female	microglia	Human
/scratch/users/astarr97/Kosoy_Roussos_2022/FM_042__ATACseq__CTCTCTAC-CTAAGCCT_HCW37DMXX_L001_001.R2.fastq.gz	syn26161049	FM_042__ATACseq__CTCTCTAC-CTAAGCCT_HCW37DMXX_L001_001.R2.fastq.gz	True	application/octet-stream					FM_042__ATACseq	prefrontal cortex	FM_042	FreshMicro	50	R01AG065582	IlluminaNovaseq6000	False	epigenetics	AMP-AD	raw	False	ATACSeq	fastq	experimentalData	brain	pairedEnd	sorted cells	male	microglia	Human
/scratch/users/astarr97/Kosoy_Roussos_2022/FM_045__ATACseq__AAGAGGCA-GCGTAAGA_HCW37DMXX_L001_001.R2.fastq.gz	syn26161049	FM_045__ATACseq__AAGAGGCA-GCGTAAGA_HCW37DMXX_L001_001.R2.fastq.gz	True	application/octet-stream					FM_045__ATACseq	prefrontal cortex	FM_045	FreshMicro	50	R01AG065582	IlluminaNovaseq6000	False	epigenetics	AMP-AD	raw	False	ATACSeq	fastq	experimentalData	brain	pairedEnd	sorted cells	male	microglia	Human
/scratch/users/astarr97/Kosoy_Roussos_2022/FM_046__ATACseq__GCTACGCT-AAGGAGTA_HFKM5DMXX_L001_001.R1.fastq.gz	syn26161049	FM_046__ATACseq__GCTACGCT-AAGGAGTA_HFKM5DMXX_L001_001.R1.fastq.gz	True	application/octet-stream					FM_046__ATACseq	prefrontal cortex	FM_046	FreshMicro	50	R01AG065582	IlluminaNovaseq6000	False	epigenetics	AMP-AD	raw	False	ATACSeq	fastq	experimentalData	brain	pairedEnd	sorted cells	male	microglia	Human
/scratch/users/astarr97/Kosoy_Roussos_2022/FM_046__ATACseq__GCTACGCT-AAGGAGTA_HFKM5DMXX_L001_001.R2.fastq.gz	syn26161049	FM_046__ATACseq__GCTACGCT-AAGGAGTA_HFKM5DMXX_L001_001.R2.fastq.gz	True	application/octet-stream					FM_046__ATACseq	prefrontal cortex	FM_046	FreshMicro	50	R01AG065582	IlluminaNovaseq6000	False	epigenetics	AMP-AD	raw	False	ATACSeq	fastq	experimentalData	brain	pairedEnd	sorted cells	male	microglia	Human
/scratch/users/astarr97/Kosoy_Roussos_2022/FM_049__ATACseq__AAGAGGCA-CTAAGCCT_HCW37DMXX_L002_001.R1.fastq.gz	syn26161049	FM_049__ATACseq__AAGAGGCA-CTAAGCCT_HCW37DMXX_L002_001.R1.fastq.gz	True	application/octet-stream					FM_049__ATACseq	prefrontal cortex	FM_049	FreshMicro	50	R01AG065582	IlluminaNovaseq6000	False	epigenetics	AMP-AD	raw	False	ATACSeq	fastq	experimentalData	brain	pairedEnd	sorted cells	female	microglia	Human
/scratch/users/astarr97/Kosoy_Roussos_2022/FM_049__ATACseq__AAGAGGCA-CTAAGCCT_HCW37DMXX_L002_001.R2.fastq.gz	syn26161049	FM_049__ATACseq__AAGAGGCA-CTAAGCCT_HCW37DMXX_L002_001.R2.fastq.gz	True	application/octet-stream					FM_049__ATACseq	prefrontal cortex	FM_049	FreshMicro	50	R01AG065582	IlluminaNovaseq6000	False	epigenetics	AMP-AD	raw	False	ATACSeq	fastq	experimentalData	brain	pairedEnd	sorted cells	female	microglia	Human
/scratch/users/astarr97/Kosoy_Roussos_2022/FM_051__ATACseq__GCTACGCT-CTCTCTAT_HFKM5DMXX_L001_001.R1.fastq.gz	syn26161049	FM_051__ATACseq__GCTACGCT-CTCTCTAT_HFKM5DMXX_L001_001.R1.fastq.gz	True	application/octet-stream					FM_051__ATACseq	prefrontal cortex	FM_051	FreshMicro	50	R01AG065582	IlluminaNovaseq6000	False	epigenetics	AMP-AD	raw	False	ATACSeq	fastq	experimentalData	brain	pairedEnd	sorted cells	male	microglia	Human
/scratch/users/astarr97/Kosoy_Roussos_2022/FM_055__ATACseq__GTAGAGGA-AGAGTAGA_HCW37DMXX_L002_001.R2.fastq.gz	syn26161049	FM_055__ATACseq__GTAGAGGA-AGAGTAGA_HCW37DMXX_L002_001.R2.fastq.gz	True	application/octet-stream					FM_055__ATACseq	prefrontal cortex	FM_055	FreshMicro	50	R01AG065582	IlluminaNovaseq6000	False	epigenetics	AMP-AD	raw	False	ATACSeq	fastq	experimentalData	brain	pairedEnd	sorted cells	male	microglia	Human
/scratch/users/astarr97/Kosoy_Roussos_2022/FM_051__ATACseq__GCTACGCT-CTCTCTAT_HFKM5DMXX_L001_001.R2.fastq.gz	syn26161049	FM_051__ATACseq__GCTACGCT-CTCTCTAT_HFKM5DMXX_L001_001.R2.fastq.gz	True	application/octet-stream					FM_051__ATACseq	prefrontal cortex	FM_051	FreshMicro	50	R01AG065582	IlluminaNovaseq6000	False	epigenetics	AMP-AD	raw	False	ATACSeq	fastq	experimentalData	brain	pairedEnd	sorted cells	male	microglia	Human
/scratch/users/astarr97/Kosoy_Roussos_2022/FM_052__ATACseq__GTAGAGGA-CTCTCTAT_HCW37DMXX_L002_001.R1.fastq.gz	syn26161049	FM_052__ATACseq__GTAGAGGA-CTCTCTAT_HCW37DMXX_L002_001.R1.fastq.gz	True	application/octet-stream					FM_052__ATACseq	prefrontal cortex	FM_052	FreshMicro	50	R01AG065582	IlluminaNovaseq6000	False	epigenetics	AMP-AD	raw	False	ATACSeq	fastq	experimentalData	brain	pairedEnd	sorted cells	male	microglia	Human
/scratch/users/astarr97/Kosoy_Roussos_2022/FM_055__ATACseq__GTAGAGGA-AGAGTAGA_HCW37DMXX_L002_001.R1.fastq.gz	syn26161049	FM_055__ATACseq__GTAGAGGA-AGAGTAGA_HCW37DMXX_L002_001.R1.fastq.gz	True	application/octet-stream					FM_055__ATACseq	prefrontal cortex	FM_055	FreshMicro	50	R01AG065582	IlluminaNovaseq6000	False	epigenetics	AMP-AD	raw	False	ATACSeq	fastq	experimentalData	brain	pairedEnd	sorted cells	male	microglia	Human
/scratch/users/astarr97/Kosoy_Roussos_2022/FM_057__ATACseq__GTAGAGGA-GCGTAAGA_HJCMLDMXX_L002_001.R1.fastq.gz	syn26161049	FM_057__ATACseq__GTAGAGGA-GCGTAAGA_HJCMLDMXX_L002_001.R1.fastq.gz	True	application/octet-stream					FM_057__ATACseq	prefrontal cortex	FM_057	FreshMicro	50	R01AG065582	IlluminaNovaseq6000	False	epigenetics	AMP-AD	raw	False	ATACSeq	fastq	experimentalData	brain	pairedEnd	sorted cells	male	microglia	Human
/scratch/users/astarr97/Kosoy_Roussos_2022/FM_052__ATACseq__GTAGAGGA-CTCTCTAT_HCW37DMXX_L002_001.R2.fastq.gz	syn26161049	FM_052__ATACseq__GTAGAGGA-CTCTCTAT_HCW37DMXX_L002_001.R2.fastq.gz	True	application/octet-stream					FM_052__ATACseq	prefrontal cortex	FM_052	FreshMicro	50	R01AG065582	IlluminaNovaseq6000	False	epigenetics	AMP-AD	raw	False	ATACSeq	fastq	experimentalData	brain	pairedEnd	sorted cells	male	microglia	Human
/scratch/users/astarr97/Kosoy_Roussos_2022/FM_056__ATACseq__GTAGAGGA-TATCCTCT_HFKM5DMXX_L001_001.R2.fastq.gz	syn26161049	FM_056__ATACseq__GTAGAGGA-TATCCTCT_HFKM5DMXX_L001_001.R2.fastq.gz	True	application/octet-stream					FM_056__ATACseq	prefrontal cortex	FM_056	FreshMicro	50	R01AG065582	IlluminaNovaseq6000	False	epigenetics	AMP-AD	raw	False	ATACSeq	fastq	experimentalData	brain	pairedEnd	sorted cells	male	microglia	Human
/scratch/users/astarr97/Kosoy_Roussos_2022/FM_056__ATACseq__GTAGAGGA-TATCCTCT_HFKM5DMXX_L001_001.R1.fastq.gz	syn26161049	FM_056__ATACseq__GTAGAGGA-TATCCTCT_HFKM5DMXX_L001_001.R1.fastq.gz	True	application/octet-stream					FM_056__ATACseq	prefrontal cortex	FM_056	FreshMicro	50	R01AG065582	IlluminaNovaseq6000	False	epigenetics	AMP-AD	raw	False	ATACSeq	fastq	experimentalData	brain	pairedEnd	sorted cells	male	microglia	Human
/scratch/users/astarr97/Kosoy_Roussos_2022/FM_057__ATACseq__GTAGAGGA-GCGTAAGA_HJCMLDMXX_L002_001.R2.fastq.gz	syn26161049	FM_057__ATACseq__GTAGAGGA-GCGTAAGA_HJCMLDMXX_L002_001.R2.fastq.gz	True	application/octet-stream					FM_057__ATACseq	prefrontal cortex	FM_057	FreshMicro	50	R01AG065582	IlluminaNovaseq6000	False	epigenetics	AMP-AD	raw	False	ATACSeq	fastq	experimentalData	brain	pairedEnd	sorted cells	male	microglia	Human
/scratch/users/astarr97/Kosoy_Roussos_2022/FM_058__ATACseq__TAAGGCGA-GTAAGGAG_HJCMLDMXX_L002_001.R1.fastq.gz	syn26161049	FM_058__ATACseq__TAAGGCGA-GTAAGGAG_HJCMLDMXX_L002_001.R1.fastq.gz	True	application/octet-stream					FM_058__ATACseq	prefrontal cortex	FM_058	FreshMicro	50	R01AG065582	IlluminaNovaseq6000	False	epigenetics	AMP-AD	raw	False	ATACSeq	fastq	experimentalData	brain	pairedEnd	sorted cells	male	microglia	Human
/scratch/users/astarr97/Kosoy_Roussos_2022/FM_058__ATACseq__TAAGGCGA-GTAAGGAG_HJCMLDMXX_L002_001.R2.fastq.gz	syn26161049	FM_058__ATACseq__TAAGGCGA-GTAAGGAG_HJCMLDMXX_L002_001.R2.fastq.gz	True	application/octet-stream					FM_058__ATACseq	prefrontal cortex	FM_058	FreshMicro	50	R01AG065582	IlluminaNovaseq6000	False	epigenetics	AMP-AD	raw	False	ATACSeq	fastq	experimentalData	brain	pairedEnd	sorted cells	male	microglia	Human
/scratch/users/astarr97/Kosoy_Roussos_2022/FM_060__ATACseq__TAAGGCGA-AAGGAGTA_HJCMLDMXX_L002_001.R1.fastq.gz	syn26161049	FM_060__ATACseq__TAAGGCGA-AAGGAGTA_HJCMLDMXX_L002_001.R1.fastq.gz	True	application/octet-stream					FM_060__ATACseq	prefrontal cortex	FM_060	FreshMicro	50	R01AG065582	IlluminaNovaseq6000	False	epigenetics	AMP-AD	raw	False	ATACSeq	fastq	experimentalData	brain	pairedEnd	sorted cells	male	microglia	Human
/scratch/users/astarr97/Kosoy_Roussos_2022/FM_060__ATACseq__TAAGGCGA-AAGGAGTA_HJCMLDMXX_L002_001.R2.fastq.gz	syn26161049	FM_060__ATACseq__TAAGGCGA-AAGGAGTA_HJCMLDMXX_L002_001.R2.fastq.gz	True	application/octet-stream					FM_060__ATACseq	prefrontal cortex	FM_060	FreshMicro	50	R01AG065582	IlluminaNovaseq6000	False	epigenetics	AMP-AD	raw	False	ATACSeq	fastq	experimentalData	brain	pairedEnd	sorted cells	male	microglia	Human
/scratch/users/astarr97/Kosoy_Roussos_2022/FM_062__ATACseq__TAAGGCGA-CTAAGCCT_HJCMLDMXX_L002_001.R1.fastq.gz	syn26161049	FM_062__ATACseq__TAAGGCGA-CTAAGCCT_HJCMLDMXX_L002_001.R1.fastq.gz	True	application/octet-stream					FM_062__ATACseq	prefrontal cortex	FM_062	FreshMicro	50	R01AG065582	IlluminaNovaseq6000	False	epigenetics	AMP-AD	raw	False	ATACSeq	fastq	experimentalData	brain	pairedEnd	sorted cells	male	microglia	Human
/scratch/users/astarr97/Kosoy_Roussos_2022/FM_040__ATACseq__GGACTCCT-AAGGAGTA_HFKM5DMXX_L002_001.R2.fastq.gz	syn26161049	FM_040__ATACseq__GGACTCCT-AAGGAGTA_HFKM5DMXX_L002_001.R2.fastq.gz	True	application/octet-stream					FM_040__ATACseq	prefrontal cortex	FM_040	FreshMicro	50	R01AG065582	IlluminaNovaseq6000	False	epigenetics	AMP-AD	raw	False	ATACSeq	fastq	experimentalData	brain	pairedEnd	sorted cells	male	microglia	Human
/scratch/users/astarr97/Kosoy_Roussos_2022/FM_062__ATACseq__TAAGGCGA-CTAAGCCT_HJCMLDMXX_L002_001.R2.fastq.gz	syn26161049	FM_062__ATACseq__TAAGGCGA-CTAAGCCT_HJCMLDMXX_L002_001.R2.fastq.gz	True	application/octet-stream					FM_062__ATACseq	prefrontal cortex	FM_062	FreshMicro	50	R01AG065582	IlluminaNovaseq6000	False	epigenetics	AMP-AD	raw	False	ATACSeq	fastq	experimentalData	brain	pairedEnd	sorted cells	male	microglia	Human
/scratch/users/astarr97/Kosoy_Roussos_2022/FM_059__ATACseq__TAAGGCGA-ACTGCATA_HJCMLDMXX_L002_001.R1.fastq.gz	syn26161049	FM_059__ATACseq__TAAGGCGA-ACTGCATA_HJCMLDMXX_L002_001.R1.fastq.gz	True	application/octet-stream					FM_059__ATACseq	prefrontal cortex	FM_059	FreshMicro	50	R01AG065582	IlluminaNovaseq6000	False	epigenetics	AMP-AD	raw	False	ATACSeq	fastq	experimentalData	brain	pairedEnd	sorted cells	male	microglia	Human
/scratch/users/astarr97/Kosoy_Roussos_2022/FM_059__ATACseq__TAAGGCGA-ACTGCATA_HJCMLDMXX_L002_001.R2.fastq.gz	syn26161049	FM_059__ATACseq__TAAGGCGA-ACTGCATA_HJCMLDMXX_L002_001.R2.fastq.gz	True	application/octet-stream					FM_059__ATACseq	prefrontal cortex	FM_059	FreshMicro	50	R01AG065582	IlluminaNovaseq6000	False	epigenetics	AMP-AD	raw	False	ATACSeq	fastq	experimentalData	brain	pairedEnd	sorted cells	male	microglia	Human
/scratch/users/astarr97/Kosoy_Roussos_2022/FM_063__ATACseq__TAAGGCGA-GCGTAAGA_HJCMLDMXX_L002_001.R1.fastq.gz	syn26161049	FM_063__ATACseq__TAAGGCGA-GCGTAAGA_HJCMLDMXX_L002_001.R1.fastq.gz	True	application/octet-stream					FM_063__ATACseq	prefrontal cortex	FM_063	FreshMicro	50	R01AG065582	IlluminaNovaseq6000	False	epigenetics	AMP-AD	raw	False	ATACSeq	fastq	experimentalData	brain	pairedEnd	sorted cells	male	microglia	Human
/scratch/users/astarr97/Kosoy_Roussos_2022/FM_064__ATACseq__CGTACTAG-GTAAGGAG_HJCMLDMXX_L002_001.R1.fastq.gz	syn26161049	FM_064__ATACseq__CGTACTAG-GTAAGGAG_HJCMLDMXX_L002_001.R1.fastq.gz	True	application/octet-stream					FM_064__ATACseq	prefrontal cortex	FM_064	FreshMicro	50	R01AG065582	IlluminaNovaseq6000	False	epigenetics	AMP-AD	raw	False	ATACSeq	fastq	experimentalData	brain	pairedEnd	sorted cells	female	microglia	Human
/scratch/users/astarr97/Kosoy_Roussos_2022/FM_063__ATACseq__TAAGGCGA-GCGTAAGA_HJCMLDMXX_L002_001.R2.fastq.gz	syn26161049	FM_063__ATACseq__TAAGGCGA-GCGTAAGA_HJCMLDMXX_L002_001.R2.fastq.gz	True	application/octet-stream					FM_063__ATACseq	prefrontal cortex	FM_063	FreshMicro	50	R01AG065582	IlluminaNovaseq6000	False	epigenetics	AMP-AD	raw	False	ATACSeq	fastq	experimentalData	brain	pairedEnd	sorted cells	male	microglia	Human
/scratch/users/astarr97/Kosoy_Roussos_2022/FM_064__ATACseq__CGTACTAG-GTAAGGAG_HJCMLDMXX_L002_001.R2.fastq.gz	syn26161049	FM_064__ATACseq__CGTACTAG-GTAAGGAG_HJCMLDMXX_L002_001.R2.fastq.gz	True	application/octet-stream					FM_064__ATACseq	prefrontal cortex	FM_064	FreshMicro	50	R01AG065582	IlluminaNovaseq6000	False	epigenetics	AMP-AD	raw	False	ATACSeq	fastq	experimentalData	brain	pairedEnd	sorted cells	female	microglia	Human
/scratch/users/astarr97/Kosoy_Roussos_2022/FM_065__ATACseq__CGTACTAG-ACTGCATA_HJCMLDMXX_L002_001.R1.fastq.gz	syn26161049	FM_065__ATACseq__CGTACTAG-ACTGCATA_HJCMLDMXX_L002_001.R1.fastq.gz	True	application/octet-stream					FM_065__ATACseq	prefrontal cortex	FM_065	FreshMicro	50	R01AG065582	IlluminaNovaseq6000	False	epigenetics	AMP-AD	raw	False	ATACSeq	fastq	experimentalData	brain	pairedEnd	sorted cells	female	microglia	Human
/scratch/users/astarr97/Kosoy_Roussos_2022/FM_065__ATACseq__CGTACTAG-ACTGCATA_HJCMLDMXX_L002_001.R2.fastq.gz	syn26161049	FM_065__ATACseq__CGTACTAG-ACTGCATA_HJCMLDMXX_L002_001.R2.fastq.gz	True	application/octet-stream					FM_065__ATACseq	prefrontal cortex	FM_065	FreshMicro	50	R01AG065582	IlluminaNovaseq6000	False	epigenetics	AMP-AD	raw	False	ATACSeq	fastq	experimentalData	brain	pairedEnd	sorted cells	female	microglia	Human
/scratch/users/astarr97/Kosoy_Roussos_2022/FM_067__ATACseq__CGTACTAG-CTAAGCCT_HJCMLDMXX_L002_001.R1.fastq.gz	syn26161049	FM_067__ATACseq__CGTACTAG-CTAAGCCT_HJCMLDMXX_L002_001.R1.fastq.gz	True	application/octet-stream					FM_067__ATACseq	prefrontal cortex	FM_067	FreshMicro	50	R01AG065582	IlluminaNovaseq6000	False	epigenetics	AMP-AD	raw	False	ATACSeq	fastq	experimentalData	brain	pairedEnd	sorted cells	female	microglia	Human
/scratch/users/astarr97/Kosoy_Roussos_2022/FM_067__ATACseq__CGTACTAG-CTAAGCCT_HJCMLDMXX_L002_001.R2.fastq.gz	syn26161049	FM_067__ATACseq__CGTACTAG-CTAAGCCT_HJCMLDMXX_L002_001.R2.fastq.gz	True	application/octet-stream					FM_067__ATACseq	prefrontal cortex	FM_067	FreshMicro	50	R01AG065582	IlluminaNovaseq6000	False	epigenetics	AMP-AD	raw	False	ATACSeq	fastq	experimentalData	brain	pairedEnd	sorted cells	female	microglia	Human
/scratch/users/astarr97/Kosoy_Roussos_2022/FM_045__ATACseq__AAGAGGCA-GCGTAAGA_HCW37DMXX_L001_001.R1.fastq.gz	syn26161049	FM_045__ATACseq__AAGAGGCA-GCGTAAGA_HCW37DMXX_L001_001.R1.fastq.gz	True	application/octet-stream					FM_045__ATACseq	prefrontal cortex	FM_045	FreshMicro	50	R01AG065582	IlluminaNovaseq6000	False	epigenetics	AMP-AD	raw	False	ATACSeq	fastq	experimentalData	brain	pairedEnd	sorted cells	male	microglia	Human
/scratch/users/astarr97/Kosoy_Roussos_2022/FM_068__ATACseq__CGTACTAG-GCGTAAGA_HJCMLDMXX_L002_001.R2.fastq.gz	syn26161049	FM_068__ATACseq__CGTACTAG-GCGTAAGA_HJCMLDMXX_L002_001.R2.fastq.gz	True	application/octet-stream					FM_068__ATACseq	prefrontal cortex	FM_068	FreshMicro	50	R01AG065582	IlluminaNovaseq6000	False	epigenetics	AMP-AD	raw	False	ATACSeq	fastq	experimentalData	brain	pairedEnd	sorted cells	female	microglia	Human
/scratch/users/astarr97/Kosoy_Roussos_2022/FM_070__ATACseq__AGGCAGAA-ACTGCATA_HJCMLDMXX_L002_001.R1.fastq.gz	syn26161049	FM_070__ATACseq__AGGCAGAA-ACTGCATA_HJCMLDMXX_L002_001.R1.fastq.gz	True	application/octet-stream					FM_070__ATACseq	prefrontal cortex	FM_070	FreshMicro	50	R01AG065582	IlluminaNovaseq6000	False	epigenetics	AMP-AD	raw	False	ATACSeq	fastq	experimentalData	brain	pairedEnd	sorted cells	female	microglia	Human
/scratch/users/astarr97/Kosoy_Roussos_2022/FM_071__ATACseq__AGGCAGAA-AAGGAGTA_HJCMLDMXX_L002_001.R1.fastq.gz	syn26161049	FM_071__ATACseq__AGGCAGAA-AAGGAGTA_HJCMLDMXX_L002_001.R1.fastq.gz	True	application/octet-stream					FM_071__ATACseq	prefrontal cortex	FM_071	FreshMicro	50	R01AG065582	IlluminaNovaseq6000	False	epigenetics	AMP-AD	raw	False	ATACSeq	fastq	experimentalData	brain	pairedEnd	sorted cells	male	microglia	Human
/scratch/users/astarr97/Kosoy_Roussos_2022/FM_071__ATACseq__AGGCAGAA-AAGGAGTA_HJCMLDMXX_L002_001.R2.fastq.gz	syn26161049	FM_071__ATACseq__AGGCAGAA-AAGGAGTA_HJCMLDMXX_L002_001.R2.fastq.gz	True	application/octet-stream					FM_071__ATACseq	prefrontal cortex	FM_071	FreshMicro	50	R01AG065582	IlluminaNovaseq6000	False	epigenetics	AMP-AD	raw	False	ATACSeq	fastq	experimentalData	brain	pairedEnd	sorted cells	male	microglia	Human
/scratch/users/astarr97/Kosoy_Roussos_2022/FM_072__ATACseq__AGGCAGAA-CTAAGCCT_HL2TFDSXX_L003_001.R1.fastq.gz	syn26161049	FM_072__ATACseq__AGGCAGAA-CTAAGCCT_HL2TFDSXX_L003_001.R1.fastq.gz	True	application/octet-stream					FM_072__ATACseq	prefrontal cortex	FM_072	FreshMicro	100	R01AG065582	IlluminaNovaseq6000	False	epigenetics	AMP-AD	raw	False	ATACSeq	fastq	experimentalData	brain	pairedEnd	sorted cells	female	microglia	Human
/scratch/users/astarr97/Kosoy_Roussos_2022/FM_070__ATACseq__AGGCAGAA-ACTGCATA_HJCMLDMXX_L002_001.R2.fastq.gz	syn26161049	FM_070__ATACseq__AGGCAGAA-ACTGCATA_HJCMLDMXX_L002_001.R2.fastq.gz	True	application/octet-stream					FM_070__ATACseq	prefrontal cortex	FM_070	FreshMicro	50	R01AG065582	IlluminaNovaseq6000	False	epigenetics	AMP-AD	raw	False	ATACSeq	fastq	experimentalData	brain	pairedEnd	sorted cells	female	microglia	Human
/scratch/users/astarr97/Kosoy_Roussos_2022/FM_073__ATACseq__TCCTGAGC-CTCTCTAT_HL2TFDSXX_L003_001.R1.fastq.gz	syn26161049	FM_073__ATACseq__TCCTGAGC-CTCTCTAT_HL2TFDSXX_L003_001.R1.fastq.gz	True	application/octet-stream					FM_073__ATACseq	prefrontal cortex	FM_073	FreshMicro	100	R01AG065582	IlluminaNovaseq6000	False	epigenetics	AMP-AD	raw	False	ATACSeq	fastq	experimentalData	brain	pairedEnd	sorted cells	male	microglia	Human
/scratch/users/astarr97/Kosoy_Roussos_2022/FM_072__ATACseq__AGGCAGAA-CTAAGCCT_HL2TFDSXX_L003_001.R2.fastq.gz	syn26161049	FM_072__ATACseq__AGGCAGAA-CTAAGCCT_HL2TFDSXX_L003_001.R2.fastq.gz	True	application/octet-stream					FM_072__ATACseq	prefrontal cortex	FM_072	FreshMicro	100	R01AG065582	IlluminaNovaseq6000	False	epigenetics	AMP-AD	raw	False	ATACSeq	fastq	experimentalData	brain	pairedEnd	sorted cells	female	microglia	Human
/scratch/users/astarr97/Kosoy_Roussos_2022/FM_073__ATACseq__TCCTGAGC-CTCTCTAT_HL2TFDSXX_L003_001.R2.fastq.gz	syn26161049	FM_073__ATACseq__TCCTGAGC-CTCTCTAT_HL2TFDSXX_L003_001.R2.fastq.gz	True	application/octet-stream					FM_073__ATACseq	prefrontal cortex	FM_073	FreshMicro	100	R01AG065582	IlluminaNovaseq6000	False	epigenetics	AMP-AD	raw	False	ATACSeq	fastq	experimentalData	brain	pairedEnd	sorted cells	male	microglia	Human
/scratch/users/astarr97/Kosoy_Roussos_2022/FM_074__ATACseq__TCCTGAGC-TATCCTCT_HL2TFDSXX_L003_001.R1.fastq.gz	syn26161049	FM_074__ATACseq__TCCTGAGC-TATCCTCT_HL2TFDSXX_L003_001.R1.fastq.gz	True	application/octet-stream					FM_074__ATACseq	prefrontal cortex	FM_074	FreshMicro	100	R01AG065582	IlluminaNovaseq6000	False	epigenetics	AMP-AD	raw	False	ATACSeq	fastq	experimentalData	brain	pairedEnd	sorted cells	female	microglia	Human
/scratch/users/astarr97/Kosoy_Roussos_2022/FM_074__ATACseq__TCCTGAGC-TATCCTCT_HL2TFDSXX_L003_001.R2.fastq.gz	syn26161049	FM_074__ATACseq__TCCTGAGC-TATCCTCT_HL2TFDSXX_L003_001.R2.fastq.gz	True	application/octet-stream					FM_074__ATACseq	prefrontal cortex	FM_074	FreshMicro	100	R01AG065582	IlluminaNovaseq6000	False	epigenetics	AMP-AD	raw	False	ATACSeq	fastq	experimentalData	brain	pairedEnd	sorted cells	female	microglia	Human
/scratch/users/astarr97/Kosoy_Roussos_2022/FM_075__ATACseq__TCCTGAGC-AGAGTAGA_HL2TFDSXX_L003_001.R1.fastq.gz	syn26161049	FM_075__ATACseq__TCCTGAGC-AGAGTAGA_HL2TFDSXX_L003_001.R1.fastq.gz	True	application/octet-stream					FM_075__ATACseq	prefrontal cortex	FM_075	FreshMicro	100	R01AG065582	IlluminaNovaseq6000	False	epigenetics	AMP-AD	raw	False	ATACSeq	fastq	experimentalData	brain	pairedEnd	sorted cells	male	microglia	Human
/scratch/users/astarr97/Kosoy_Roussos_2022/FM_076__ATACseq__TCCTGAGC-GTAAGGAG_HL2TFDSXX_L003_001.R1.fastq.gz	syn26161049	FM_076__ATACseq__TCCTGAGC-GTAAGGAG_HL2TFDSXX_L003_001.R1.fastq.gz	True	application/octet-stream					FM_076__ATACseq	prefrontal cortex	FM_076	FreshMicro	100	R01AG065582	IlluminaNovaseq6000	False	epigenetics	AMP-AD	raw	False	ATACSeq	fastq	experimentalData	brain	pairedEnd	sorted cells	male	microglia	Human
/scratch/users/astarr97/Kosoy_Roussos_2022/FM_077__ATACseq__TCCTGAGC-ACTGCATA_HL2TFDSXX_L003_001.R1.fastq.gz	syn26161049	FM_077__ATACseq__TCCTGAGC-ACTGCATA_HL2TFDSXX_L003_001.R1.fastq.gz	True	application/octet-stream					FM_077__ATACseq	prefrontal cortex	FM_077	FreshMicro	100	R01AG065582	IlluminaNovaseq6000	False	epigenetics	AMP-AD	raw	False	ATACSeq	fastq	experimentalData	brain	pairedEnd	sorted cells	male	microglia	Human
/scratch/users/astarr97/Kosoy_Roussos_2022/FM_078__ATACseq__TCCTGAGC-AAGGAGTA_HL2TFDSXX_L003_001.R1.fastq.gz	syn26161049	FM_078__ATACseq__TCCTGAGC-AAGGAGTA_HL2TFDSXX_L003_001.R1.fastq.gz	True	application/octet-stream					FM_078__ATACseq	prefrontal cortex	FM_078	FreshMicro	100	R01AG065582	IlluminaNovaseq6000	False	epigenetics	AMP-AD	raw	False	ATACSeq	fastq	experimentalData	brain	pairedEnd	sorted cells	male	microglia	Human
/scratch/users/astarr97/Kosoy_Roussos_2022/FM_076__ATACseq__TCCTGAGC-GTAAGGAG_HL2TFDSXX_L003_001.R2.fastq.gz	syn26161049	FM_076__ATACseq__TCCTGAGC-GTAAGGAG_HL2TFDSXX_L003_001.R2.fastq.gz	True	application/octet-stream					FM_076__ATACseq	prefrontal cortex	FM_076	FreshMicro	100	R01AG065582	IlluminaNovaseq6000	False	epigenetics	AMP-AD	raw	False	ATACSeq	fastq	experimentalData	brain	pairedEnd	sorted cells	male	microglia	Human
/scratch/users/astarr97/Kosoy_Roussos_2022/FM_075__ATACseq__TCCTGAGC-AGAGTAGA_HL2TFDSXX_L003_001.R2.fastq.gz	syn26161049	FM_075__ATACseq__TCCTGAGC-AGAGTAGA_HL2TFDSXX_L003_001.R2.fastq.gz	True	application/octet-stream					FM_075__ATACseq	prefrontal cortex	FM_075	FreshMicro	100	R01AG065582	IlluminaNovaseq6000	False	epigenetics	AMP-AD	raw	False	ATACSeq	fastq	experimentalData	brain	pairedEnd	sorted cells	male	microglia	Human
/scratch/users/astarr97/Kosoy_Roussos_2022/FM_078__ATACseq__TCCTGAGC-AAGGAGTA_HL2TFDSXX_L003_001.R2.fastq.gz	syn26161049	FM_078__ATACseq__TCCTGAGC-AAGGAGTA_HL2TFDSXX_L003_001.R2.fastq.gz	True	application/octet-stream					FM_078__ATACseq	prefrontal cortex	FM_078	FreshMicro	100	R01AG065582	IlluminaNovaseq6000	False	epigenetics	AMP-AD	raw	False	ATACSeq	fastq	experimentalData	brain	pairedEnd	sorted cells	male	microglia	Human
/scratch/users/astarr97/Kosoy_Roussos_2022/FM_077__ATACseq__TCCTGAGC-ACTGCATA_HL2TFDSXX_L003_001.R2.fastq.gz	syn26161049	FM_077__ATACseq__TCCTGAGC-ACTGCATA_HL2TFDSXX_L003_001.R2.fastq.gz	True	application/octet-stream					FM_077__ATACseq	prefrontal cortex	FM_077	FreshMicro	100	R01AG065582	IlluminaNovaseq6000	False	epigenetics	AMP-AD	raw	False	ATACSeq	fastq	experimentalData	brain	pairedEnd	sorted cells	male	microglia	Human
/scratch/users/astarr97/Kosoy_Roussos_2022/FM_079__ATACseq__TCCTGAGC-CTAAGCCT_HL2TFDSXX_L003_001.R1.fastq.gz	syn26161049	FM_079__ATACseq__TCCTGAGC-CTAAGCCT_HL2TFDSXX_L003_001.R1.fastq.gz	True	application/octet-stream					FM_079__ATACseq	prefrontal cortex	FM_079	FreshMicro	100	R01AG065582	IlluminaNovaseq6000	False	epigenetics	AMP-AD	raw	False	ATACSeq	fastq	experimentalData	brain	pairedEnd	sorted cells	female	microglia	Human
/scratch/users/astarr97/Kosoy_Roussos_2022/FM_081__ATACseq__GGACTCCT-CTCTCTAT_HL2TFDSXX_L003_001.R1.fastq.gz	syn26161049	FM_081__ATACseq__GGACTCCT-CTCTCTAT_HL2TFDSXX_L003_001.R1.fastq.gz	True	application/octet-stream					FM_081__ATACseq	prefrontal cortex	FM_081	FreshMicro	100	R01AG065582	IlluminaNovaseq6000	False	epigenetics	AMP-AD	raw	False	ATACSeq	fastq	experimentalData	brain	pairedEnd	sorted cells	male	microglia	Human
/scratch/users/astarr97/Kosoy_Roussos_2022/FM_080__ATACseq__TCCTGAGC-GCGTAAGA_HL2TFDSXX_L003_001.R1.fastq.gz	syn26161049	FM_080__ATACseq__TCCTGAGC-GCGTAAGA_HL2TFDSXX_L003_001.R1.fastq.gz	True	application/octet-stream					FM_080__ATACseq	prefrontal cortex	FM_080	FreshMicro	100	R01AG065582	IlluminaNovaseq6000	False	epigenetics	AMP-AD	raw	False	ATACSeq	fastq	experimentalData	brain	pairedEnd	sorted cells	male	microglia	Human
/scratch/users/astarr97/Kosoy_Roussos_2022/FM_081__ATACseq__GGACTCCT-CTCTCTAT_HL2TFDSXX_L003_001.R2.fastq.gz	syn26161049	FM_081__ATACseq__GGACTCCT-CTCTCTAT_HL2TFDSXX_L003_001.R2.fastq.gz	True	application/octet-stream					FM_081__ATACseq	prefrontal cortex	FM_081	FreshMicro	100	R01AG065582	IlluminaNovaseq6000	False	epigenetics	AMP-AD	raw	False	ATACSeq	fastq	experimentalData	brain	pairedEnd	sorted cells	male	microglia	Human
/scratch/users/astarr97/Kosoy_Roussos_2022/FM_080__ATACseq__TCCTGAGC-GCGTAAGA_HL2TFDSXX_L003_001.R2.fastq.gz	syn26161049	FM_080__ATACseq__TCCTGAGC-GCGTAAGA_HL2TFDSXX_L003_001.R2.fastq.gz	True	application/octet-stream					FM_080__ATACseq	prefrontal cortex	FM_080	FreshMicro	100	R01AG065582	IlluminaNovaseq6000	False	epigenetics	AMP-AD	raw	False	ATACSeq	fastq	experimentalData	brain	pairedEnd	sorted cells	male	microglia	Human
/scratch/users/astarr97/Kosoy_Roussos_2022/FM_079__ATACseq__TCCTGAGC-CTAAGCCT_HL2TFDSXX_L003_001.R2.fastq.gz	syn26161049	FM_079__ATACseq__TCCTGAGC-CTAAGCCT_HL2TFDSXX_L003_001.R2.fastq.gz	True	application/octet-stream					FM_079__ATACseq	prefrontal cortex	FM_079	FreshMicro	100	R01AG065582	IlluminaNovaseq6000	False	epigenetics	AMP-AD	raw	False	ATACSeq	fastq	experimentalData	brain	pairedEnd	sorted cells	female	microglia	Human
/scratch/users/astarr97/Kosoy_Roussos_2022/FM_083__ATACseq__GGACTCCT-AGAGTAGA_HL2TFDSXX_L003_001.R1.fastq.gz	syn26161049	FM_083__ATACseq__GGACTCCT-AGAGTAGA_HL2TFDSXX_L003_001.R1.fastq.gz	True	application/octet-stream					FM_083__ATACseq	prefrontal cortex	FM_083	FreshMicro	100	R01AG065582	IlluminaNovaseq6000	False	epigenetics	AMP-AD	raw	False	ATACSeq	fastq	experimentalData	brain	pairedEnd	sorted cells	female	microglia	Human
/scratch/users/astarr97/Kosoy_Roussos_2022/FM_083__ATACseq__GGACTCCT-AGAGTAGA_HL2TFDSXX_L003_001.R2.fastq.gz	syn26161049	FM_083__ATACseq__GGACTCCT-AGAGTAGA_HL2TFDSXX_L003_001.R2.fastq.gz	True	application/octet-stream					FM_083__ATACseq	prefrontal cortex	FM_083	FreshMicro	100	R01AG065582	IlluminaNovaseq6000	False	epigenetics	AMP-AD	raw	False	ATACSeq	fastq	experimentalData	brain	pairedEnd	sorted cells	female	microglia	Human
/scratch/users/astarr97/Kosoy_Roussos_2022/FM_084__ATACseq__TAGGCATG-AGAGTAGA_HL2TFDSXX_L003_001.R2.fastq.gz	syn26161049	FM_084__ATACseq__TAGGCATG-AGAGTAGA_HL2TFDSXX_L003_001.R2.fastq.gz	True	application/octet-stream					FM_084__ATACseq	prefrontal cortex	FM_084	FreshMicro	100	R01AG065582	IlluminaNovaseq6000	False	epigenetics	AMP-AD	raw	False	ATACSeq	fastq	experimentalData	brain	pairedEnd	sorted cells	male	microglia	Human
/scratch/users/astarr97/Kosoy_Roussos_2022/FM_082__ATACseq__GGACTCCT-TATCCTCT_HL2TFDSXX_L003_001.R1.fastq.gz	syn26161049	FM_082__ATACseq__GGACTCCT-TATCCTCT_HL2TFDSXX_L003_001.R1.fastq.gz	True	application/octet-stream					FM_082__ATACseq	prefrontal cortex	FM_082	FreshMicro	100	R01AG065582	IlluminaNovaseq6000	False	epigenetics	AMP-AD	raw	False	ATACSeq	fastq	experimentalData	brain	pairedEnd	sorted cells	female	microglia	Human
/scratch/users/astarr97/Kosoy_Roussos_2022/FM_082__ATACseq__GGACTCCT-TATCCTCT_HL2TFDSXX_L003_001.R2.fastq.gz	syn26161049	FM_082__ATACseq__GGACTCCT-TATCCTCT_HL2TFDSXX_L003_001.R2.fastq.gz	True	application/octet-stream					FM_082__ATACseq	prefrontal cortex	FM_082	FreshMicro	100	R01AG065582	IlluminaNovaseq6000	False	epigenetics	AMP-AD	raw	False	ATACSeq	fastq	experimentalData	brain	pairedEnd	sorted cells	female	microglia	Human
/scratch/users/astarr97/Kosoy_Roussos_2022/FM_085__ATACseq__TAGGCATG-GTAAGGAG_HL2TFDSXX_L003_001.R1.fastq.gz	syn26161049	FM_085__ATACseq__TAGGCATG-GTAAGGAG_HL2TFDSXX_L003_001.R1.fastq.gz	True	application/octet-stream					FM_085__ATACseq	prefrontal cortex	FM_085	FreshMicro	100	R01AG065582	IlluminaNovaseq6000	False	epigenetics	AMP-AD	raw	False	ATACSeq	fastq	experimentalData	brain	pairedEnd	sorted cells	female	microglia	Human
/scratch/users/astarr97/Kosoy_Roussos_2022/FM_084__ATACseq__TAGGCATG-AGAGTAGA_HL2TFDSXX_L003_001.R1.fastq.gz	syn26161049	FM_084__ATACseq__TAGGCATG-AGAGTAGA_HL2TFDSXX_L003_001.R1.fastq.gz	True	application/octet-stream					FM_084__ATACseq	prefrontal cortex	FM_084	FreshMicro	100	R01AG065582	IlluminaNovaseq6000	False	epigenetics	AMP-AD	raw	False	ATACSeq	fastq	experimentalData	brain	pairedEnd	sorted cells	male	microglia	Human
/scratch/users/astarr97/Kosoy_Roussos_2022/FM_085__ATACseq__TAGGCATG-GTAAGGAG_HL2TFDSXX_L003_001.R2.fastq.gz	syn26161049	FM_085__ATACseq__TAGGCATG-GTAAGGAG_HL2TFDSXX_L003_001.R2.fastq.gz	True	application/octet-stream					FM_085__ATACseq	prefrontal cortex	FM_085	FreshMicro	100	R01AG065582	IlluminaNovaseq6000	False	epigenetics	AMP-AD	raw	False	ATACSeq	fastq	experimentalData	brain	pairedEnd	sorted cells	female	microglia	Human
/scratch/users/astarr97/Kosoy_Roussos_2022/FM_086__ATACseq__TAGGCATG-ACTGCATA_HL2TFDSXX_L003_001.R1.fastq.gz	syn26161049	FM_086__ATACseq__TAGGCATG-ACTGCATA_HL2TFDSXX_L003_001.R1.fastq.gz	True	application/octet-stream					FM_086__ATACseq	prefrontal cortex	FM_086	FreshMicro	100	R01AG065582	IlluminaNovaseq6000	False	epigenetics	AMP-AD	raw	False	ATACSeq	fastq	experimentalData	brain	pairedEnd	sorted cells	female	microglia	Human
/scratch/users/astarr97/Kosoy_Roussos_2022/FM_086__ATACseq__TAGGCATG-ACTGCATA_HL2TFDSXX_L003_001.R2.fastq.gz	syn26161049	FM_086__ATACseq__TAGGCATG-ACTGCATA_HL2TFDSXX_L003_001.R2.fastq.gz	True	application/octet-stream					FM_086__ATACseq	prefrontal cortex	FM_086	FreshMicro	100	R01AG065582	IlluminaNovaseq6000	False	epigenetics	AMP-AD	raw	False	ATACSeq	fastq	experimentalData	brain	pairedEnd	sorted cells	female	microglia	Human
/scratch/users/astarr97/Kosoy_Roussos_2022/FM_088__ATACseq__TAGGCATG-CTAAGCCT_HL2TFDSXX_L003_001.R2.fastq.gz	syn26161049	FM_088__ATACseq__TAGGCATG-CTAAGCCT_HL2TFDSXX_L003_001.R2.fastq.gz	True	application/octet-stream					FM_088__ATACseq	prefrontal cortex	FM_088	FreshMicro	100	R01AG065582	IlluminaNovaseq6000	False	epigenetics	AMP-AD	raw	False	ATACSeq	fastq	experimentalData	brain	pairedEnd	sorted cells	male	microglia	Human
/scratch/users/astarr97/Kosoy_Roussos_2022/FM_087__ATACseq__TAGGCATG-AAGGAGTA_HL2TFDSXX_L003_001.R1.fastq.gz	syn26161049	FM_087__ATACseq__TAGGCATG-AAGGAGTA_HL2TFDSXX_L003_001.R1.fastq.gz	True	application/octet-stream					FM_087__ATACseq	prefrontal cortex	FM_087	FreshMicro	100	R01AG065582	IlluminaNovaseq6000	False	epigenetics	AMP-AD	raw	False	ATACSeq	fastq	experimentalData	brain	pairedEnd	sorted cells	female	microglia	Human
/scratch/users/astarr97/Kosoy_Roussos_2022/FM_088__ATACseq__TAGGCATG-CTAAGCCT_HL2TFDSXX_L003_001.R1.fastq.gz	syn26161049	FM_088__ATACseq__TAGGCATG-CTAAGCCT_HL2TFDSXX_L003_001.R1.fastq.gz	True	application/octet-stream					FM_088__ATACseq	prefrontal cortex	FM_088	FreshMicro	100	R01AG065582	IlluminaNovaseq6000	False	epigenetics	AMP-AD	raw	False	ATACSeq	fastq	experimentalData	brain	pairedEnd	sorted cells	male	microglia	Human
/scratch/users/astarr97/Kosoy_Roussos_2022/FM_087__ATACseq__TAGGCATG-AAGGAGTA_HL2TFDSXX_L003_001.R2.fastq.gz	syn26161049	FM_087__ATACseq__TAGGCATG-AAGGAGTA_HL2TFDSXX_L003_001.R2.fastq.gz	True	application/octet-stream					FM_087__ATACseq	prefrontal cortex	FM_087	FreshMicro	100	R01AG065582	IlluminaNovaseq6000	False	epigenetics	AMP-AD	raw	False	ATACSeq	fastq	experimentalData	brain	pairedEnd	sorted cells	female	microglia	Human
/scratch/users/astarr97/Kosoy_Roussos_2022/FM_089__ATACseq__TAGGCATG-GCGTAAGA_HL2TFDSXX_L003_001.R1.fastq.gz	syn26161049	FM_089__ATACseq__TAGGCATG-GCGTAAGA_HL2TFDSXX_L003_001.R1.fastq.gz	True	application/octet-stream					FM_089__ATACseq	prefrontal cortex	FM_089	FreshMicro	100	R01AG065582	IlluminaNovaseq6000	False	epigenetics	AMP-AD	raw	False	ATACSeq	fastq	experimentalData	brain	pairedEnd	sorted cells	female	microglia	Human
/scratch/users/astarr97/Kosoy_Roussos_2022/FM_091__ATACseq__CTCTCTAC-AGAGTAGA_HL2TFDSXX_L003_001.R1.fastq.gz	syn26161049	FM_091__ATACseq__CTCTCTAC-AGAGTAGA_HL2TFDSXX_L003_001.R1.fastq.gz	True	application/octet-stream					FM_091__ATACseq	prefrontal cortex	FM_091	FreshMicro	100	R01AG065582	IlluminaNovaseq6000	False	epigenetics	AMP-AD	raw	False	ATACSeq	fastq	experimentalData	brain	pairedEnd	sorted cells	female	microglia	Human
/scratch/users/astarr97/Kosoy_Roussos_2022/FM_089__ATACseq__TAGGCATG-GCGTAAGA_HL2TFDSXX_L003_001.R2.fastq.gz	syn26161049	FM_089__ATACseq__TAGGCATG-GCGTAAGA_HL2TFDSXX_L003_001.R2.fastq.gz	True	application/octet-stream					FM_089__ATACseq	prefrontal cortex	FM_089	FreshMicro	100	R01AG065582	IlluminaNovaseq6000	False	epigenetics	AMP-AD	raw	False	ATACSeq	fastq	experimentalData	brain	pairedEnd	sorted cells	female	microglia	Human
/scratch/users/astarr97/Kosoy_Roussos_2022/FM_090__ATACseq__CTCTCTAC-ACTGCATA_HL2TFDSXX_L003_001.R1.fastq.gz	syn26161049	FM_090__ATACseq__CTCTCTAC-ACTGCATA_HL2TFDSXX_L003_001.R1.fastq.gz	True	application/octet-stream					FM_090__ATACseq	prefrontal cortex	FM_090	FreshMicro	100	R01AG065582	IlluminaNovaseq6000	False	epigenetics	AMP-AD	raw	False	ATACSeq	fastq	experimentalData	brain	pairedEnd	sorted cells	male	microglia	Human
/scratch/users/astarr97/Kosoy_Roussos_2022/FM_090__ATACseq__CTCTCTAC-ACTGCATA_HL2TFDSXX_L003_001.R2.fastq.gz	syn26161049	FM_090__ATACseq__CTCTCTAC-ACTGCATA_HL2TFDSXX_L003_001.R2.fastq.gz	True	application/octet-stream					FM_090__ATACseq	prefrontal cortex	FM_090	FreshMicro	100	R01AG065582	IlluminaNovaseq6000	False	epigenetics	AMP-AD	raw	False	ATACSeq	fastq	experimentalData	brain	pairedEnd	sorted cells	male	microglia	Human
/scratch/users/astarr97/Kosoy_Roussos_2022/FM_068__ATACseq__CGTACTAG-GCGTAAGA_HJCMLDMXX_L002_001.R1.fastq.gz	syn26161049	FM_068__ATACseq__CGTACTAG-GCGTAAGA_HJCMLDMXX_L002_001.R1.fastq.gz	True	application/octet-stream					FM_068__ATACseq	prefrontal cortex	FM_068	FreshMicro	50	R01AG065582	IlluminaNovaseq6000	False	epigenetics	AMP-AD	raw	False	ATACSeq	fastq	experimentalData	brain	pairedEnd	sorted cells	female	microglia	Human
/scratch/users/astarr97/Kosoy_Roussos_2022/FM_091__ATACseq__CTCTCTAC-AGAGTAGA_HL2TFDSXX_L003_001.R2.fastq.gz	syn26161049	FM_091__ATACseq__CTCTCTAC-AGAGTAGA_HL2TFDSXX_L003_001.R2.fastq.gz	True	application/octet-stream					FM_091__ATACseq	prefrontal cortex	FM_091	FreshMicro	100	R01AG065582	IlluminaNovaseq6000	False	epigenetics	AMP-AD	raw	False	ATACSeq	fastq	experimentalData	brain	pairedEnd	sorted cells	female	microglia	Human
/scratch/users/astarr97/Kosoy_Roussos_2022/FM_092__ATACseq__CTCTCTAC-GTAAGGAG_HL2TFDSXX_L003_001.R2.fastq.gz	syn26161049	FM_092__ATACseq__CTCTCTAC-GTAAGGAG_HL2TFDSXX_L003_001.R2.fastq.gz	True	application/octet-stream					FM_092__ATACseq	prefrontal cortex	FM_092	FreshMicro	100	R01AG065582	IlluminaNovaseq6000	False	epigenetics	AMP-AD	raw	False	ATACSeq	fastq	experimentalData	brain	pairedEnd	sorted cells	female	microglia	Human
/scratch/users/astarr97/Kosoy_Roussos_2022/FM_094__ATACseq__CTCTCTAC-CTAAGCCT_HL2TFDSXX_L003_001.R1.fastq.gz	syn26161049	FM_094__ATACseq__CTCTCTAC-CTAAGCCT_HL2TFDSXX_L003_001.R1.fastq.gz	True	application/octet-stream					FM_094__ATACseq	prefrontal cortex	FM_094	FreshMicro	100	R01AG065582	IlluminaNovaseq6000	False	epigenetics	AMP-AD	raw	False	ATACSeq	fastq	experimentalData	brain	pairedEnd	sorted cells	female	microglia	Human
/scratch/users/astarr97/Kosoy_Roussos_2022/FM_094__ATACseq__CTCTCTAC-CTAAGCCT_HL2TFDSXX_L003_001.R2.fastq.gz	syn26161049	FM_094__ATACseq__CTCTCTAC-CTAAGCCT_HL2TFDSXX_L003_001.R2.fastq.gz	True	application/octet-stream					FM_094__ATACseq	prefrontal cortex	FM_094	FreshMicro	100	R01AG065582	IlluminaNovaseq6000	False	epigenetics	AMP-AD	raw	False	ATACSeq	fastq	experimentalData	brain	pairedEnd	sorted cells	female	microglia	Human
/scratch/users/astarr97/Kosoy_Roussos_2022/FM_096__ATACseq__CAGAGAGG-CTCTCTAT_HL2TFDSXX_L003_001.R1.fastq.gz	syn26161049	FM_096__ATACseq__CAGAGAGG-CTCTCTAT_HL2TFDSXX_L003_001.R1.fastq.gz	True	application/octet-stream					FM_096__ATACseq	prefrontal cortex	FM_096	FreshMicro	100	R01AG065582	IlluminaNovaseq6000	False	epigenetics	AMP-AD	raw	False	ATACSeq	fastq	experimentalData	brain	pairedEnd	sorted cells	male	microglia	Human
/scratch/users/astarr97/Kosoy_Roussos_2022/FM_095__ATACseq__CTCTCTAC-GCGTAAGA_HL2TFDSXX_L003_001.R1.fastq.gz	syn26161049	FM_095__ATACseq__CTCTCTAC-GCGTAAGA_HL2TFDSXX_L003_001.R1.fastq.gz	True	application/octet-stream					FM_095__ATACseq	prefrontal cortex	FM_095	FreshMicro	100	R01AG065582	IlluminaNovaseq6000	False	epigenetics	AMP-AD	raw	False	ATACSeq	fastq	experimentalData	brain	pairedEnd	sorted cells	male	microglia	Human
/scratch/users/astarr97/Kosoy_Roussos_2022/FM_097__ATACseq__CAGAGAGG-TATCCTCT_HL2TFDSXX_L003_001.R2.fastq.gz	syn26161049	FM_097__ATACseq__CAGAGAGG-TATCCTCT_HL2TFDSXX_L003_001.R2.fastq.gz	True	application/octet-stream					FM_097__ATACseq	prefrontal cortex	FM_097	FreshMicro	100	R01AG065582	IlluminaNovaseq6000	False	epigenetics	AMP-AD	raw	False	ATACSeq	fastq	experimentalData	brain	pairedEnd	sorted cells	male	microglia	Human
/scratch/users/astarr97/Kosoy_Roussos_2022/FM_095__ATACseq__CTCTCTAC-GCGTAAGA_HL2TFDSXX_L003_001.R2.fastq.gz	syn26161049	FM_095__ATACseq__CTCTCTAC-GCGTAAGA_HL2TFDSXX_L003_001.R2.fastq.gz	True	application/octet-stream					FM_095__ATACseq	prefrontal cortex	FM_095	FreshMicro	100	R01AG065582	IlluminaNovaseq6000	False	epigenetics	AMP-AD	raw	False	ATACSeq	fastq	experimentalData	brain	pairedEnd	sorted cells	male	microglia	Human
/scratch/users/astarr97/Kosoy_Roussos_2022/FM_098__ATACseq__CAGAGAGG-AGAGTAGA_HL2TFDSXX_L003_001.R1.fastq.gz	syn26161049	FM_098__ATACseq__CAGAGAGG-AGAGTAGA_HL2TFDSXX_L003_001.R1.fastq.gz	True	application/octet-stream					FM_098__ATACseq	prefrontal cortex	FM_098	FreshMicro	100	R01AG065582	IlluminaNovaseq6000	False	epigenetics	AMP-AD	raw	False	ATACSeq	fastq	experimentalData	brain	pairedEnd	sorted cells	male	microglia	Human
/scratch/users/astarr97/Kosoy_Roussos_2022/FM_096__ATACseq__CAGAGAGG-CTCTCTAT_HL2TFDSXX_L003_001.R2.fastq.gz	syn26161049	FM_096__ATACseq__CAGAGAGG-CTCTCTAT_HL2TFDSXX_L003_001.R2.fastq.gz	True	application/octet-stream					FM_096__ATACseq	prefrontal cortex	FM_096	FreshMicro	100	R01AG065582	IlluminaNovaseq6000	False	epigenetics	AMP-AD	raw	False	ATACSeq	fastq	experimentalData	brain	pairedEnd	sorted cells	male	microglia	Human
/scratch/users/astarr97/Kosoy_Roussos_2022/FM_097__ATACseq__CAGAGAGG-TATCCTCT_HL2TFDSXX_L003_001.R1.fastq.gz	syn26161049	FM_097__ATACseq__CAGAGAGG-TATCCTCT_HL2TFDSXX_L003_001.R1.fastq.gz	True	application/octet-stream					FM_097__ATACseq	prefrontal cortex	FM_097	FreshMicro	100	R01AG065582	IlluminaNovaseq6000	False	epigenetics	AMP-AD	raw	False	ATACSeq	fastq	experimentalData	brain	pairedEnd	sorted cells	male	microglia	Human
/scratch/users/astarr97/Kosoy_Roussos_2022/FM_098__ATACseq__CAGAGAGG-AGAGTAGA_HL2TFDSXX_L003_001.R2.fastq.gz	syn26161049	FM_098__ATACseq__CAGAGAGG-AGAGTAGA_HL2TFDSXX_L003_001.R2.fastq.gz	True	application/octet-stream					FM_098__ATACseq	prefrontal cortex	FM_098	FreshMicro	100	R01AG065582	IlluminaNovaseq6000	False	epigenetics	AMP-AD	raw	False	ATACSeq	fastq	experimentalData	brain	pairedEnd	sorted cells	male	microglia	Human
/scratch/users/astarr97/Kosoy_Roussos_2022/FM_099__ATACseq__CAGAGAGG-GTAAGGAG_HL2TFDSXX_L003_001.R1.fastq.gz	syn26161049	FM_099__ATACseq__CAGAGAGG-GTAAGGAG_HL2TFDSXX_L003_001.R1.fastq.gz	True	application/octet-stream					FM_099__ATACseq	prefrontal cortex	FM_099	FreshMicro	100	R01AG065582	IlluminaNovaseq6000	False	epigenetics	AMP-AD	raw	False	ATACSeq	fastq	experimentalData	brain	pairedEnd	sorted cells	female	microglia	Human
/scratch/users/astarr97/Kosoy_Roussos_2022/FM_100__ATACseq__CAGAGAGG-GCGTAAGA_HMCMNDSXX_L001_001.R1.fastq.gz	syn26161049	FM_100__ATACseq__CAGAGAGG-GCGTAAGA_HMCMNDSXX_L001_001.R1.fastq.gz	True	application/octet-stream					FM_100__ATACseq	prefrontal cortex	FM_100	FreshMicro	100	R01AG065582	IlluminaNovaseq6000	False	epigenetics	AMP-AD	raw	False	ATACSeq	fastq	experimentalData	brain	pairedEnd	sorted cells	male	microglia	Human
/scratch/users/astarr97/Kosoy_Roussos_2022/FM_099__ATACseq__CAGAGAGG-GTAAGGAG_HL2TFDSXX_L003_001.R2.fastq.gz	syn26161049	FM_099__ATACseq__CAGAGAGG-GTAAGGAG_HL2TFDSXX_L003_001.R2.fastq.gz	True	application/octet-stream					FM_099__ATACseq	prefrontal cortex	FM_099	FreshMicro	100	R01AG065582	IlluminaNovaseq6000	False	epigenetics	AMP-AD	raw	False	ATACSeq	fastq	experimentalData	brain	pairedEnd	sorted cells	female	microglia	Human
/scratch/users/astarr97/Kosoy_Roussos_2022/FM_100__ATACseq__CAGAGAGG-GCGTAAGA_HMCMNDSXX_L001_001.R2.fastq.gz	syn26161049	FM_100__ATACseq__CAGAGAGG-GCGTAAGA_HMCMNDSXX_L001_001.R2.fastq.gz	True	application/octet-stream					FM_100__ATACseq	prefrontal cortex	FM_100	FreshMicro	100	R01AG065582	IlluminaNovaseq6000	False	epigenetics	AMP-AD	raw	False	ATACSeq	fastq	experimentalData	brain	pairedEnd	sorted cells	male	microglia	Human
/scratch/users/astarr97/Kosoy_Roussos_2022/FM_101__ATACseq__GCTACGCT-CTCTCTAT_HMCMNDSXX_L001_001.R1.fastq.gz	syn26161049	FM_101__ATACseq__GCTACGCT-CTCTCTAT_HMCMNDSXX_L001_001.R1.fastq.gz	True	application/octet-stream					FM_101__ATACseq	prefrontal cortex	FM_101	FreshMicro	100	R01AG065582	IlluminaNovaseq6000	False	epigenetics	AMP-AD	raw	False	ATACSeq	fastq	experimentalData	brain	pairedEnd	sorted cells	male	microglia	Human
/scratch/users/astarr97/Kosoy_Roussos_2022/FM_102__ATACseq__GCTACGCT-TATCCTCT_HMCMNDSXX_L001_001.R2.fastq.gz	syn26161049	FM_102__ATACseq__GCTACGCT-TATCCTCT_HMCMNDSXX_L001_001.R2.fastq.gz	True	application/octet-stream					FM_102__ATACseq	prefrontal cortex	FM_102	FreshMicro	100	R01AG065582	IlluminaNovaseq6000	False	epigenetics	AMP-AD	raw	False	ATACSeq	fastq	experimentalData	brain	pairedEnd	sorted cells	female	microglia	Human
/scratch/users/astarr97/Kosoy_Roussos_2022/FM_101__ATACseq__GCTACGCT-CTCTCTAT_HMCMNDSXX_L001_001.R2.fastq.gz	syn26161049	FM_101__ATACseq__GCTACGCT-CTCTCTAT_HMCMNDSXX_L001_001.R2.fastq.gz	True	application/octet-stream					FM_101__ATACseq	prefrontal cortex	FM_101	FreshMicro	100	R01AG065582	IlluminaNovaseq6000	False	epigenetics	AMP-AD	raw	False	ATACSeq	fastq	experimentalData	brain	pairedEnd	sorted cells	male	microglia	Human
/scratch/users/astarr97/Kosoy_Roussos_2022/FM_104__ATACseq__GCTACGCT-GTAAGGAG_HMCMNDSXX_L001_001.R2.fastq.gz	syn26161049	FM_104__ATACseq__GCTACGCT-GTAAGGAG_HMCMNDSXX_L001_001.R2.fastq.gz	True	application/octet-stream					FM_104__ATACseq	prefrontal cortex	FM_104	FreshMicro	100	R01AG065582	IlluminaNovaseq6000	False	epigenetics	AMP-AD	raw	False	ATACSeq	fastq	experimentalData	brain	pairedEnd	sorted cells	female	microglia	Human
/scratch/users/astarr97/Kosoy_Roussos_2022/FM_104__ATACseq__GCTACGCT-GTAAGGAG_HMCMNDSXX_L001_001.R1.fastq.gz	syn26161049	FM_104__ATACseq__GCTACGCT-GTAAGGAG_HMCMNDSXX_L001_001.R1.fastq.gz	True	application/octet-stream					FM_104__ATACseq	prefrontal cortex	FM_104	FreshMicro	100	R01AG065582	IlluminaNovaseq6000	False	epigenetics	AMP-AD	raw	False	ATACSeq	fastq	experimentalData	brain	pairedEnd	sorted cells	female	microglia	Human
/scratch/users/astarr97/Kosoy_Roussos_2022/FM_103__ATACseq__GCTACGCT-AGAGTAGA_HMCMNDSXX_L001_001.R1.fastq.gz	syn26161049	FM_103__ATACseq__GCTACGCT-AGAGTAGA_HMCMNDSXX_L001_001.R1.fastq.gz	True	application/octet-stream					FM_103__ATACseq	prefrontal cortex	FM_103	FreshMicro	100	R01AG065582	IlluminaNovaseq6000	False	epigenetics	AMP-AD	raw	False	ATACSeq	fastq	experimentalData	brain	pairedEnd	sorted cells	male	microglia	Human
/scratch/users/astarr97/Kosoy_Roussos_2022/FM_102__ATACseq__GCTACGCT-TATCCTCT_HMCMNDSXX_L001_001.R1.fastq.gz	syn26161049	FM_102__ATACseq__GCTACGCT-TATCCTCT_HMCMNDSXX_L001_001.R1.fastq.gz	True	application/octet-stream					FM_102__ATACseq	prefrontal cortex	FM_102	FreshMicro	100	R01AG065582	IlluminaNovaseq6000	False	epigenetics	AMP-AD	raw	False	ATACSeq	fastq	experimentalData	brain	pairedEnd	sorted cells	female	microglia	Human
/scratch/users/astarr97/Kosoy_Roussos_2022/FM_105__ATACseq__GCTACGCT-ACTGCATA_HMCMNDSXX_L001_001.R1.fastq.gz	syn26161049	FM_105__ATACseq__GCTACGCT-ACTGCATA_HMCMNDSXX_L001_001.R1.fastq.gz	True	application/octet-stream					FM_105__ATACseq	prefrontal cortex	FM_105	FreshMicro	100	R01AG065582	IlluminaNovaseq6000	False	epigenetics	AMP-AD	raw	False	ATACSeq	fastq	experimentalData	brain	pairedEnd	sorted cells	male	microglia	Human
/scratch/users/astarr97/Kosoy_Roussos_2022/FM_106__ATACseq__GCTACGCT-AAGGAGTA_HMCMNDSXX_L001_001.R2.fastq.gz	syn26161049	FM_106__ATACseq__GCTACGCT-AAGGAGTA_HMCMNDSXX_L001_001.R2.fastq.gz	True	application/octet-stream					FM_106__ATACseq	prefrontal cortex	FM_106	FreshMicro	100	R01AG065582	IlluminaNovaseq6000	False	epigenetics	AMP-AD	raw	False	ATACSeq	fastq	experimentalData	brain	pairedEnd	sorted cells	female	microglia	Human
/scratch/users/astarr97/Kosoy_Roussos_2022/FM_103__ATACseq__GCTACGCT-AGAGTAGA_HMCMNDSXX_L001_001.R2.fastq.gz	syn26161049	FM_103__ATACseq__GCTACGCT-AGAGTAGA_HMCMNDSXX_L001_001.R2.fastq.gz	True	application/octet-stream					FM_103__ATACseq	prefrontal cortex	FM_103	FreshMicro	100	R01AG065582	IlluminaNovaseq6000	False	epigenetics	AMP-AD	raw	False	ATACSeq	fastq	experimentalData	brain	pairedEnd	sorted cells	male	microglia	Human
/scratch/users/astarr97/Kosoy_Roussos_2022/FM_105__ATACseq__GCTACGCT-ACTGCATA_HMCMNDSXX_L001_001.R2.fastq.gz	syn26161049	FM_105__ATACseq__GCTACGCT-ACTGCATA_HMCMNDSXX_L001_001.R2.fastq.gz	True	application/octet-stream					FM_105__ATACseq	prefrontal cortex	FM_105	FreshMicro	100	R01AG065582	IlluminaNovaseq6000	False	epigenetics	AMP-AD	raw	False	ATACSeq	fastq	experimentalData	brain	pairedEnd	sorted cells	male	microglia	Human
/scratch/users/astarr97/Kosoy_Roussos_2022/FM_107__ATACseq__CGAGGCTG-TATCCTCT_HMCMNDSXX_L001_001.R1.fastq.gz	syn26161049	FM_107__ATACseq__CGAGGCTG-TATCCTCT_HMCMNDSXX_L001_001.R1.fastq.gz	True	application/octet-stream					FM_107__ATACseq	prefrontal cortex	FM_107	FreshMicro	100	R01AG065582	IlluminaNovaseq6000	False	epigenetics	AMP-AD	raw	False	ATACSeq	fastq	experimentalData	brain	pairedEnd	sorted cells	female	microglia	Human
/scratch/users/astarr97/Kosoy_Roussos_2022/FM_107__ATACseq__CGAGGCTG-TATCCTCT_HMCMNDSXX_L001_001.R2.fastq.gz	syn26161049	FM_107__ATACseq__CGAGGCTG-TATCCTCT_HMCMNDSXX_L001_001.R2.fastq.gz	True	application/octet-stream					FM_107__ATACseq	prefrontal cortex	FM_107	FreshMicro	100	R01AG065582	IlluminaNovaseq6000	False	epigenetics	AMP-AD	raw	False	ATACSeq	fastq	experimentalData	brain	pairedEnd	sorted cells	female	microglia	Human
/scratch/users/astarr97/Kosoy_Roussos_2022/FM_108__ATACseq__CGAGGCTG-AGAGTAGA_HMCMNDSXX_L001_001.R1.fastq.gz	syn26161049	FM_108__ATACseq__CGAGGCTG-AGAGTAGA_HMCMNDSXX_L001_001.R1.fastq.gz	True	application/octet-stream					FM_108__ATACseq	prefrontal cortex	FM_108	FreshMicro	100	R01AG065582	IlluminaNovaseq6000	False	epigenetics	AMP-AD	raw	False	ATACSeq	fastq	experimentalData	brain	pairedEnd	sorted cells	female	microglia	Human
/scratch/users/astarr97/Kosoy_Roussos_2022/FM_108__ATACseq__CGAGGCTG-AGAGTAGA_HMCMNDSXX_L001_001.R2.fastq.gz	syn26161049	FM_108__ATACseq__CGAGGCTG-AGAGTAGA_HMCMNDSXX_L001_001.R2.fastq.gz	True	application/octet-stream					FM_108__ATACseq	prefrontal cortex	FM_108	FreshMicro	100	R01AG065582	IlluminaNovaseq6000	False	epigenetics	AMP-AD	raw	False	ATACSeq	fastq	experimentalData	brain	pairedEnd	sorted cells	female	microglia	Human
/scratch/users/astarr97/Kosoy_Roussos_2022/FM_111__ATACseq__AAGAGGCA-CTCTCTAT_HMCMNDSXX_L001_001.R1.fastq.gz	syn26161049	FM_111__ATACseq__AAGAGGCA-CTCTCTAT_HMCMNDSXX_L001_001.R1.fastq.gz	True	application/octet-stream					FM_111__ATACseq	prefrontal cortex	FM_111	FreshMicro	100	R01AG065582	IlluminaNovaseq6000	False	epigenetics	AMP-AD	raw	False	ATACSeq	fastq	experimentalData	brain	pairedEnd	sorted cells	male	microglia	Human
/scratch/users/astarr97/Kosoy_Roussos_2022/FM_110__ATACseq__CGAGGCTG-AAGGAGTA_HMCMNDSXX_L001_001.R1.fastq.gz	syn26161049	FM_110__ATACseq__CGAGGCTG-AAGGAGTA_HMCMNDSXX_L001_001.R1.fastq.gz	True	application/octet-stream					FM_110__ATACseq	prefrontal cortex	FM_110	FreshMicro	100	R01AG065582	IlluminaNovaseq6000	False	epigenetics	AMP-AD	raw	False	ATACSeq	fastq	experimentalData	brain	pairedEnd	sorted cells	male	microglia	Human
/scratch/users/astarr97/Kosoy_Roussos_2022/FM_111__ATACseq__AAGAGGCA-CTCTCTAT_HMCMNDSXX_L001_001.R2.fastq.gz	syn26161049	FM_111__ATACseq__AAGAGGCA-CTCTCTAT_HMCMNDSXX_L001_001.R2.fastq.gz	True	application/octet-stream					FM_111__ATACseq	prefrontal cortex	FM_111	FreshMicro	100	R01AG065582	IlluminaNovaseq6000	False	epigenetics	AMP-AD	raw	False	ATACSeq	fastq	experimentalData	brain	pairedEnd	sorted cells	male	microglia	Human
/scratch/users/astarr97/Kosoy_Roussos_2022/FM_116__ATACseq__GTAGAGGA-ACTGCATA_HMCMNDSXX_L001_001.R1.fastq.gz	syn26161049	FM_116__ATACseq__GTAGAGGA-ACTGCATA_HMCMNDSXX_L001_001.R1.fastq.gz	True	application/octet-stream					FM_116__ATACseq	prefrontal cortex	FM_116	FreshMicro	100	R01AG065582	IlluminaNovaseq6000	False	epigenetics	AMP-AD	raw	False	ATACSeq	fastq	experimentalData	brain	pairedEnd	sorted cells	male	microglia	Human
/scratch/users/astarr97/Kosoy_Roussos_2022/FM_115__ATACseq__GTAGAGGA-CTCTCTAT_HMCMNDSXX_L001_001.R1.fastq.gz	syn26161049	FM_115__ATACseq__GTAGAGGA-CTCTCTAT_HMCMNDSXX_L001_001.R1.fastq.gz	True	application/octet-stream					FM_115__ATACseq	prefrontal cortex	FM_115	FreshMicro	100	R01AG065582	IlluminaNovaseq6000	False	epigenetics	AMP-AD	raw	False	ATACSeq	fastq	experimentalData	brain	pairedEnd	sorted cells	female	microglia	Human
/scratch/users/astarr97/Kosoy_Roussos_2022/FM_092__ATACseq__CTCTCTAC-GTAAGGAG_HL2TFDSXX_L003_001.R1.fastq.gz	syn26161049	FM_092__ATACseq__CTCTCTAC-GTAAGGAG_HL2TFDSXX_L003_001.R1.fastq.gz	True	application/octet-stream					FM_092__ATACseq	prefrontal cortex	FM_092	FreshMicro	100	R01AG065582	IlluminaNovaseq6000	False	epigenetics	AMP-AD	raw	False	ATACSeq	fastq	experimentalData	brain	pairedEnd	sorted cells	female	microglia	Human
/scratch/users/astarr97/Kosoy_Roussos_2022/FM_116__ATACseq__GTAGAGGA-ACTGCATA_HMCMNDSXX_L001_001.R2.fastq.gz	syn26161049	FM_116__ATACseq__GTAGAGGA-ACTGCATA_HMCMNDSXX_L001_001.R2.fastq.gz	True	application/octet-stream					FM_116__ATACseq	prefrontal cortex	FM_116	FreshMicro	100	R01AG065582	IlluminaNovaseq6000	False	epigenetics	AMP-AD	raw	False	ATACSeq	fastq	experimentalData	brain	pairedEnd	sorted cells	male	microglia	Human
/scratch/users/astarr97/Kosoy_Roussos_2022/FM_117__ATACseq__GTAGAGGA-AAGGAGTA_HMCMNDSXX_L001_001.R1.fastq.gz	syn26161049	FM_117__ATACseq__GTAGAGGA-AAGGAGTA_HMCMNDSXX_L001_001.R1.fastq.gz	True	application/octet-stream					FM_117__ATACseq	prefrontal cortex	FM_117	FreshMicro	100	R01AG065582	IlluminaNovaseq6000	False	epigenetics	AMP-AD	raw	False	ATACSeq	fastq	experimentalData	brain	pairedEnd	sorted cells	female	microglia	Human
/scratch/users/astarr97/Kosoy_Roussos_2022/FM_106__ATACseq__GCTACGCT-AAGGAGTA_HMCMNDSXX_L001_001.R1.fastq.gz	syn26161049	FM_106__ATACseq__GCTACGCT-AAGGAGTA_HMCMNDSXX_L001_001.R1.fastq.gz	True	application/octet-stream					FM_106__ATACseq	prefrontal cortex	FM_106	FreshMicro	100	R01AG065582	IlluminaNovaseq6000	False	epigenetics	AMP-AD	raw	False	ATACSeq	fastq	experimentalData	brain	pairedEnd	sorted cells	female	microglia	Human
/scratch/users/astarr97/Kosoy_Roussos_2022/FM_117__ATACseq__GTAGAGGA-AAGGAGTA_HMCMNDSXX_L001_001.R2.fastq.gz	syn26161049	FM_117__ATACseq__GTAGAGGA-AAGGAGTA_HMCMNDSXX_L001_001.R2.fastq.gz	True	application/octet-stream					FM_117__ATACseq	prefrontal cortex	FM_117	FreshMicro	100	R01AG065582	IlluminaNovaseq6000	False	epigenetics	AMP-AD	raw	False	ATACSeq	fastq	experimentalData	brain	pairedEnd	sorted cells	female	microglia	Human
/scratch/users/astarr97/Kosoy_Roussos_2022/FM_118__ATACseq__GTAGAGGA-CTAAGCCT_HMCMNDSXX_L001_001.R1.fastq.gz	syn26161049	FM_118__ATACseq__GTAGAGGA-CTAAGCCT_HMCMNDSXX_L001_001.R1.fastq.gz	True	application/octet-stream					FM_118__ATACseq	prefrontal cortex	FM_118	FreshMicro	100	R01AG065582	IlluminaNovaseq6000	False	epigenetics	AMP-AD	raw	False	ATACSeq	fastq	experimentalData	brain	pairedEnd	sorted cells	female	microglia	Human
/scratch/users/astarr97/Kosoy_Roussos_2022/FM_118__ATACseq__GTAGAGGA-CTAAGCCT_HMCMNDSXX_L001_001.R2.fastq.gz	syn26161049	FM_118__ATACseq__GTAGAGGA-CTAAGCCT_HMCMNDSXX_L001_001.R2.fastq.gz	True	application/octet-stream					FM_118__ATACseq	prefrontal cortex	FM_118	FreshMicro	100	R01AG065582	IlluminaNovaseq6000	False	epigenetics	AMP-AD	raw	False	ATACSeq	fastq	experimentalData	brain	pairedEnd	sorted cells	female	microglia	Human
/scratch/users/astarr97/Kosoy_Roussos_2022/FM_115__ATACseq__GTAGAGGA-CTCTCTAT_HMCMNDSXX_L001_001.R2.fastq.gz	syn26161049	FM_115__ATACseq__GTAGAGGA-CTCTCTAT_HMCMNDSXX_L001_001.R2.fastq.gz	True	application/octet-stream					FM_115__ATACseq	prefrontal cortex	FM_115	FreshMicro	100	R01AG065582	IlluminaNovaseq6000	False	epigenetics	AMP-AD	raw	False	ATACSeq	fastq	experimentalData	brain	pairedEnd	sorted cells	female	microglia	Human
/scratch/users/astarr97/Kosoy_Roussos_2022/FM_110__ATACseq__CGAGGCTG-AAGGAGTA_HMCMNDSXX_L001_001.R2.fastq.gz	syn26161049	FM_110__ATACseq__CGAGGCTG-AAGGAGTA_HMCMNDSXX_L001_001.R2.fastq.gz	True	application/octet-stream					FM_110__ATACseq	prefrontal cortex	FM_110	FreshMicro	100	R01AG065582	IlluminaNovaseq6000	False	epigenetics	AMP-AD	raw	False	ATACSeq	fastq	experimentalData	brain	pairedEnd	sorted cells	male	microglia	Human
/scratch/users/astarr97/Kosoy_Roussos_2022/FM_114__ATACseq__AAGAGGCA-CTAAGCCT_HMCMNDSXX_L001_001.R1.fastq.gz	syn26161049	FM_114__ATACseq__AAGAGGCA-CTAAGCCT_HMCMNDSXX_L001_001.R1.fastq.gz	True	application/octet-stream					FM_114__ATACseq	prefrontal cortex	FM_114	FreshMicro	100	R01AG065582	IlluminaNovaseq6000	False	epigenetics	AMP-AD	raw	False	ATACSeq	fastq	experimentalData	brain	pairedEnd	sorted cells	male	microglia	Human
/scratch/users/astarr97/Kosoy_Roussos_2022/FM_114__ATACseq__AAGAGGCA-CTAAGCCT_HMCMNDSXX_L001_001.R2.fastq.gz	syn26161049	FM_114__ATACseq__AAGAGGCA-CTAAGCCT_HMCMNDSXX_L001_001.R2.fastq.gz	True	application/octet-stream					FM_114__ATACseq	prefrontal cortex	FM_114	FreshMicro	100	R01AG065582	IlluminaNovaseq6000	False	epigenetics	AMP-AD	raw	False	ATACSeq	fastq	experimentalData	brain	pairedEnd	sorted cells	male	microglia	Human
/scratch/users/astarr97/Kosoy_Roussos_2022/FM_113__ATACseq__AAGAGGCA-ACTGCATA_HMCMNDSXX_L001_001.R1.fastq.gz	syn26161049	FM_113__ATACseq__AAGAGGCA-ACTGCATA_HMCMNDSXX_L001_001.R1.fastq.gz	True	application/octet-stream					FM_113__ATACseq	prefrontal cortex	FM_113	FreshMicro	100	R01AG065582	IlluminaNovaseq6000	False	epigenetics	AMP-AD	raw	False	ATACSeq	fastq	experimentalData	brain	pairedEnd	sorted cells	male	microglia	Human
/scratch/users/astarr97/Kosoy_Roussos_2022/FM_113__ATACseq__AAGAGGCA-ACTGCATA_HMCMNDSXX_L001_001.R2.fastq.gz	syn26161049	FM_113__ATACseq__AAGAGGCA-ACTGCATA_HMCMNDSXX_L001_001.R2.fastq.gz	True	application/octet-stream					FM_113__ATACseq	prefrontal cortex	FM_113	FreshMicro	100	R01AG065582	IlluminaNovaseq6000	False	epigenetics	AMP-AD	raw	False	ATACSeq	fastq	experimentalData	brain	pairedEnd	sorted cells	male	microglia	Human
/scratch/users/astarr97/Kosoy_Roussos_2022/FM_112__ATACseq__AAGAGGCA-AGAGTAGA_HMCMNDSXX_L001_001.R1.fastq.gz	syn26161049	FM_112__ATACseq__AAGAGGCA-AGAGTAGA_HMCMNDSXX_L001_001.R1.fastq.gz	True	application/octet-stream					FM_112__ATACseq	prefrontal cortex	FM_112	FreshMicro	100	R01AG065582	IlluminaNovaseq6000	False	epigenetics	AMP-AD	raw	False	ATACSeq	fastq	experimentalData	brain	pairedEnd	sorted cells	male	microglia	Human
/scratch/users/astarr97/Kosoy_Roussos_2022/FM_112__ATACseq__AAGAGGCA-AGAGTAGA_HMCMNDSXX_L001_001.R2.fastq.gz	syn26161049	FM_112__ATACseq__AAGAGGCA-AGAGTAGA_HMCMNDSXX_L001_001.R2.fastq.gz	True	application/octet-stream					FM_112__ATACseq	prefrontal cortex	FM_112	FreshMicro	100	R01AG065582	IlluminaNovaseq6000	False	epigenetics	AMP-AD	raw	False	ATACSeq	fastq	experimentalData	brain	pairedEnd	sorted cells	male	microglia	Human
/scratch/users/astarr97/Kosoy_Roussos_2022/FM_109__ATACseq__CGAGGCTG-GTAAGGAG_HMCMNDSXX_L001_001.R1.fastq.gz	syn26161049	FM_109__ATACseq__CGAGGCTG-GTAAGGAG_HMCMNDSXX_L001_001.R1.fastq.gz	True	application/octet-stream					FM_109__ATACseq	prefrontal cortex	FM_109	FreshMicro	100	R01AG065582	IlluminaNovaseq6000	False	epigenetics	AMP-AD	raw	False	ATACSeq	fastq	experimentalData	brain	pairedEnd	sorted cells	male	microglia	Human
/scratch/users/astarr97/Kosoy_Roussos_2022/FM_109__ATACseq__CGAGGCTG-GTAAGGAG_HMCMNDSXX_L001_001.R2.fastq.gz	syn26161049	FM_109__ATACseq__CGAGGCTG-GTAAGGAG_HMCMNDSXX_L001_001.R2.fastq.gz	True	application/octet-stream					FM_109__ATACseq	prefrontal cortex	FM_109	FreshMicro	100	R01AG065582	IlluminaNovaseq6000	False	epigenetics	AMP-AD	raw	False	ATACSeq	fastq	experimentalData	brain	pairedEnd	sorted cells	male	microglia	Human
